-- phpMyAdmin SQL Dump
-- version 5.1.1
-- https://www.phpmyadmin.net/
--
-- Host: 127.0.0.1
-- Generation Time: Nov 03, 2021 at 08:28 AM
-- Server version: 10.4.19-MariaDB
-- PHP Version: 8.0.7

SET SQL_MODE = "NO_AUTO_VALUE_ON_ZERO";
START TRANSACTION;
SET time_zone = "+00:00";


/*!40101 SET @OLD_CHARACTER_SET_CLIENT=@@CHARACTER_SET_CLIENT */;
/*!40101 SET @OLD_CHARACTER_SET_RESULTS=@@CHARACTER_SET_RESULTS */;
/*!40101 SET @OLD_COLLATION_CONNECTION=@@COLLATION_CONNECTION */;
/*!40101 SET NAMES utf8mb4 */;

--
-- Database: `tumabini_db`
--

-- --------------------------------------------------------

--
-- Table structure for table `block`
--

CREATE TABLE `block` (
  `id` int(11) NOT NULL,
  `name` text NOT NULL,
  `status` int(11) NOT NULL,
  `total_lots` int(11) NOT NULL,
  `phase_id` int(11) DEFAULT NULL,
  `project_id` int(11) DEFAULT NULL
) ENGINE=InnoDB DEFAULT CHARSET=utf8mb4;

--
-- Dumping data for table `block`
--

INSERT INTO `block` (`id`, `name`, `status`, `total_lots`, `phase_id`, `project_id`) VALUES
(1, 'Block 1', 0, 82, NULL, 1),
(2, 'Block 2', 0, 0, NULL, 1),
(24, 'Block 1', 0, 25, NULL, 2),
(25, 'Block 2', 0, 16, NULL, 2),
(26, 'Block 3', 0, 16, NULL, 2),
(27, 'Block 4', 0, 14, NULL, 2),
(28, 'Block 5', 0, 8, NULL, 2),
(29, 'Block 1', 0, 27, NULL, 3),
(30, 'Block 2', 0, 24, NULL, 3),
(31, 'Block 3', 0, 15, NULL, 3),
(32, 'Block 4', 0, 22, NULL, 3),
(33, 'Block 5', 0, 8, NULL, 3),
(34, 'Block 6', 0, 8, NULL, 3),
(35, 'Block 7', 0, 7, NULL, 3),
(36, 'Block 1', 0, 42, NULL, 5),
(37, 'Block 2', 0, 36, NULL, 5),
(38, 'Block 3', 0, 13, NULL, 5),
(39, 'Block 4', 0, 13, NULL, 5),
(40, 'Block 5', 0, 17, NULL, 5),
(41, 'Block 6', 0, 19, NULL, 5),
(42, 'Block 7', 0, 22, NULL, 5),
(43, 'Block 8', 0, 29, NULL, 5),
(44, 'Block 9', 0, 22, NULL, 5),
(45, 'Block 10', 0, 13, NULL, 5),
(46, 'Block 1', 0, 133, 5, 4),
(47, 'Block 2', 0, 51, 5, 4),
(48, 'Block 3', 0, 27, 5, 4),
(49, 'Block 1', 0, 34, 6, 4),
(50, 'Block 2', 0, 32, 6, 4),
(51, 'Block 3', 0, 40, 6, 4),
(52, 'Block 4', 0, 43, 6, 4),
(53, 'Block 5', 0, 52, 6, 4),
(54, 'Block 1', 0, 59, 7, 4),
(55, 'Block 2', 0, 64, 7, 4),
(56, 'Block 3', 0, 68, 7, 4),
(57, 'Block 4', 0, 40, 7, 4),
(58, 'Block 5', 0, 16, 7, 4),
(59, 'Block 1', 0, 4, 8, 4),
(60, 'Block 2', 0, 27, 8, 4),
(61, 'Block 3', 0, 30, 8, 4),
(62, 'Block 4', 0, 28, 8, 4),
(63, 'Block 5', 0, 28, 8, 4),
(64, 'Block 1', 0, 28, 9, 4),
(65, 'Block 2', 0, 30, 9, 4),
(66, 'Block 3', 0, 34, 9, 4),
(67, 'Block 1', 0, 34, 10, 4),
(68, 'Block 2', 0, 34, 10, 4),
(69, 'Block 3', 0, 30, 10, 4),
(70, 'Block 4', 0, 14, 10, 4);

-- --------------------------------------------------------

--
-- Table structure for table `buyer`
--

CREATE TABLE `buyer` (
  `id` int(11) NOT NULL,
  `last_name` text NOT NULL,
  `first_name` text NOT NULL,
  `middle_initial` varchar(1) NOT NULL,
  `contact_number` int(11) NOT NULL,
  `email_address` varchar(65) NOT NULL,
  `home_address` text NOT NULL,
  `lot_id` int(11) NOT NULL,
  `realty` text NOT NULL,
  `agent` text NOT NULL,
  `status` tinyint(1) NOT NULL,
  `fully_paid` tinyint(1) NOT NULL,
  `reservation_type` int(11) NOT NULL
) ENGINE=InnoDB DEFAULT CHARSET=utf8mb4;

-- --------------------------------------------------------

--
-- Table structure for table `buyer_payment`
--

CREATE TABLE `buyer_payment` (
  `id` int(11) NOT NULL,
  `reference_no` varchar(30) NOT NULL,
  `or_ar_no` varchar(30) NOT NULL,
  `amount` decimal(10,2) NOT NULL,
  `penalty` decimal(10,2) NOT NULL
) ENGINE=InnoDB DEFAULT CHARSET=utf8mb4;

-- --------------------------------------------------------

--
-- Table structure for table `hl_payment`
--

CREATE TABLE `hl_payment` (
  `id` int(11) NOT NULL,
  `buyer_id` int(11) NOT NULL,
  `date` date DEFAULT NULL,
  `reservation_type` int(11) NOT NULL,
  `total_contract_price` decimal(20,2) NOT NULL,
  `required_equity_percentage` int(2) DEFAULT NULL,
  `required_equity_amount` decimal(20,2) DEFAULT NULL,
  `reservation_fee` decimal(20,2) DEFAULT NULL,
  `equity_net_of_reservation_fee` decimal(20,2) DEFAULT NULL,
  `equity_months` int(11) DEFAULT NULL,
  `monthly_equity_amount` decimal(20,2) DEFAULT NULL,
  `equity_start_date` date DEFAULT NULL,
  `equity_end_date` date DEFAULT NULL,
  `balance_loanable_percentage` int(2) DEFAULT NULL,
  `balance_loanable_amount` decimal(20,2) DEFAULT NULL,
  `spot_cash_equity_less_percentage` int(2) DEFAULT NULL,
  `spot_cash_equity_less_amount` decimal(20,2) DEFAULT NULL,
  `net_equity_less_discount` decimal(20,2) DEFAULT NULL,
  `spot_cash_discount_less_percentage` int(2) DEFAULT NULL,
  `spot_cash_discount_less_amount` decimal(20,2) DEFAULT NULL,
  `net_total_contract_price` decimal(20,2) DEFAULT NULL,
  `balance_total_contract_price` decimal(20,2) DEFAULT NULL,
  `balance_amount_after_reservation` decimal(20,2) DEFAULT NULL,
  `installment_months` int(11) DEFAULT NULL,
  `monthly_installment` decimal(20,2) DEFAULT NULL
) ENGINE=InnoDB DEFAULT CHARSET=utf8mb4;

-- --------------------------------------------------------

--
-- Table structure for table `lot`
--

CREATE TABLE `lot` (
  `id` int(11) NOT NULL,
  `name` text NOT NULL,
  `status` int(11) NOT NULL,
  `reopened` tinyint(1) NOT NULL,
  `owner_id` int(11) DEFAULT NULL,
  `block_id` int(11) NOT NULL,
  `lot_area` int(11) NOT NULL,
  `lot_type` text NOT NULL,
  `price_per_sqm` int(11) NOT NULL
) ENGINE=InnoDB DEFAULT CHARSET=utf8mb4;

--
-- Dumping data for table `lot`
--

INSERT INTO `lot` (`id`, `name`, `status`, `reopened`, `owner_id`, `block_id`, `lot_area`, `lot_type`, `price_per_sqm`) VALUES
(0, 'Lot 32', 0, 0, NULL, 1, 44, 'TOWNHOUSE', 900),
(99, 'Lot 1', 0, 0, NULL, 1, 50, 'kasdj', 21938),
(100, 'Lot 2', 0, 0, NULL, 1, 41, '', 0),
(101, 'Lot 3', 0, 0, NULL, 1, 41, '', 0),
(102, 'Lot 4', 0, 0, NULL, 1, 41, '', 0),
(103, 'Lot 5', 0, 0, NULL, 1, 41, '', 0),
(104, 'Lot 6', 0, 0, NULL, 1, 41, '', 0),
(105, 'Lot 7', 0, 0, NULL, 1, 42, '', 0),
(106, 'Lot 8', 0, 0, NULL, 1, 42, '', 0),
(107, 'Lot 9', 0, 0, NULL, 1, 42, '', 0),
(108, 'Lot 10', 0, 0, NULL, 1, 42, '', 0),
(109, 'Lot 11', 0, 0, NULL, 1, 42, '', 0),
(110, 'Lot 12', 0, 0, NULL, 1, 42, '', 0),
(111, 'Lot 13', 0, 0, NULL, 1, 42, '', 0),
(112, 'Lot 14', 0, 0, NULL, 1, 42, '', 0),
(113, 'Lot 15', 0, 0, NULL, 1, 43, '', 0),
(114, 'Lot 16', 0, 0, NULL, 1, 43, '', 0),
(115, 'Lot 17', 0, 0, NULL, 1, 43, '', 0),
(116, 'Lot 18', 0, 0, NULL, 1, 43, '', 0),
(117, 'Lot 19', 0, 0, NULL, 1, 43, '', 0),
(118, 'Lot 20', 0, 0, NULL, 1, 43, '', 0),
(119, 'Lot 21', 0, 0, NULL, 1, 43, '', 0),
(120, 'Lot 22', 0, 0, NULL, 1, 43, '', 0),
(121, 'Lot 23', 0, 0, NULL, 1, 43, '', 0),
(122, 'Lot 24', 0, 0, NULL, 1, 44, '', 0),
(123, 'Lot 25', 0, 0, NULL, 1, 44, '', 0),
(124, 'Lot 26', 0, 0, NULL, 1, 44, '', 0),
(125, 'Lot 27', 0, 0, NULL, 1, 44, '', 0),
(126, 'Lot 28', 0, 0, NULL, 1, 44, '', 0),
(127, 'Lot 29', 0, 0, NULL, 1, 44, '', 0),
(128, 'Lot 30', 0, 0, NULL, 1, 44, '', 0),
(129, 'Lot 31', 0, 0, NULL, 1, 44, '', 0),
(130, 'Lot 32', 0, 0, NULL, 1, 45, '', 0),
(131, 'Lot 33', 0, 0, NULL, 1, 45, '', 0),
(132, 'Lot 34', 0, 0, NULL, 1, 45, '', 0),
(133, 'Lot 35', 0, 0, NULL, 1, 45, '', 0),
(134, 'Lot 36', 0, 0, NULL, 1, 45, '', 0),
(135, 'Lot 37', 0, 0, NULL, 1, 45, '', 0),
(136, 'Lot 38', 0, 0, NULL, 1, 45, '', 0),
(137, 'Lot 39', 0, 0, NULL, 1, 45, '', 0),
(138, 'Lot 40', 0, 0, NULL, 1, 45, '', 0),
(139, 'Lot 41', 0, 0, NULL, 1, 49, '', 0),
(140, 'Lot 1', 0, 0, NULL, 2, 47, '', 0),
(141, 'Lot 2', 0, 0, NULL, 2, 41, '', 0),
(142, 'Lot 3', 0, 0, NULL, 2, 41, '', 0),
(143, 'Lot 4', 0, 0, NULL, 2, 41, '', 0),
(144, 'Lot 5', 0, 0, NULL, 2, 41, '', 0),
(145, 'Lot 6', 0, 0, NULL, 2, 41, '', 0),
(146, 'Lot 7', 0, 0, NULL, 2, 42, '', 0),
(147, 'Lot 8', 0, 0, NULL, 2, 42, '', 0),
(148, 'Lot 9', 0, 0, NULL, 2, 42, '', 0),
(149, 'Lot 10', 0, 0, NULL, 2, 42, '', 0),
(150, 'Lot 11', 0, 0, NULL, 2, 42, '', 0),
(151, 'Lot 12', 0, 0, NULL, 2, 42, '', 0),
(152, 'Lot 13', 0, 0, NULL, 2, 42, '', 0),
(153, 'Lot 14', 0, 0, NULL, 2, 42, '', 0),
(154, 'Lot 15', 0, 0, NULL, 2, 42, '', 0),
(155, 'Lot 16', 0, 0, NULL, 2, 43, '', 0),
(156, 'Lot 17', 0, 0, NULL, 2, 43, '', 0),
(157, 'Lot 18', 0, 0, NULL, 2, 43, '', 0),
(158, 'Lot 19', 0, 0, NULL, 2, 43, '', 0),
(159, 'Lot 20', 0, 0, NULL, 2, 43, '', 0),
(160, 'Lot 21', 0, 0, NULL, 2, 43, '', 0),
(161, 'Lot 22', 0, 0, NULL, 2, 43, '', 0),
(162, 'Lot 23', 0, 0, NULL, 2, 43, '', 0),
(163, 'Lot 24', 0, 0, NULL, 2, 44, '', 0),
(164, 'Lot 25', 0, 0, NULL, 2, 44, '', 0),
(165, 'Lot 26', 0, 0, NULL, 2, 44, '', 0),
(166, 'Lot 27', 0, 0, NULL, 2, 44, '', 0),
(167, 'Lot 28', 0, 0, NULL, 2, 44, '', 0),
(168, 'Lot 29', 0, 0, NULL, 2, 44, '', 0),
(169, 'Lot 30', 0, 0, NULL, 2, 44, '', 0),
(170, 'Lot 31', 0, 0, NULL, 2, 44, '', 0),
(172, 'Lot 32', 0, 0, NULL, 2, 44, '', 0),
(173, 'Lot 32', 0, 0, NULL, 2, 45, '', 0),
(174, 'Lot 33', 0, 0, NULL, 2, 45, '', 0),
(175, 'Lot 35', 0, 0, NULL, 2, 45, '', 0),
(176, 'Lot 36', 0, 0, NULL, 2, 45, '', 0),
(177, 'Lot 37', 0, 0, NULL, 2, 45, '', 0),
(178, 'Lot 38', 0, 0, NULL, 2, 45, '', 0),
(179, 'Lot 39', 0, 0, NULL, 2, 45, '', 0),
(180, 'Lot 40', 0, 0, NULL, 2, 45, '', 0),
(181, 'Lot 41', 0, 0, NULL, 2, 49, '', 0),
(182, 'Lot 1', 0, 0, NULL, 24, 42, '', 0),
(183, 'Lot 1', 0, 0, NULL, 24, 42, '', 0),
(184, 'Lot 2', 0, 0, NULL, 24, 42, '', 0),
(185, 'Lot 3', 0, 0, NULL, 24, 42, '', 0),
(186, 'Lot 4', 0, 0, NULL, 24, 42, '', 0),
(187, 'Lot 5', 0, 0, NULL, 24, 42, '', 0),
(188, 'Lot 6', 0, 0, NULL, 24, 42, '', 0),
(189, 'Lot 7', 0, 0, NULL, 24, 42, '', 0),
(190, 'Lot 8', 0, 0, NULL, 24, 42, '', 0),
(191, 'Lot 9', 0, 0, NULL, 24, 42, '', 0),
(192, 'Lot 10', 0, 0, NULL, 24, 42, '', 0),
(193, 'Lot 11', 0, 0, NULL, 24, 42, '', 0),
(194, 'Lot 12', 0, 0, NULL, 24, 42, '', 0),
(195, 'Lot 13', 0, 0, NULL, 24, 42, '', 0),
(196, 'Lot 14', 0, 0, NULL, 24, 42, '', 0),
(197, 'Lot 15', 0, 0, NULL, 24, 42, '', 0),
(198, 'Lot 16', 0, 0, NULL, 24, 42, '', 0),
(199, 'Lot 17', 0, 0, NULL, 24, 42, '', 0),
(200, 'Lot 18', 0, 0, NULL, 24, 42, '', 0),
(201, 'Lot 19', 0, 0, NULL, 24, 42, '', 0),
(202, 'Lot 20', 0, 0, NULL, 24, 42, '', 0),
(203, 'Lot 21', 0, 0, NULL, 24, 42, '', 0),
(204, 'Lot 22', 0, 0, NULL, 24, 42, '', 0),
(205, 'Lot 23', 0, 0, NULL, 24, 43, '', 0),
(206, 'Lot 24', 0, 0, NULL, 24, 45, '', 0),
(207, 'Lot 25', 0, 0, NULL, 24, 46, '', 0),
(208, 'Lot 1', 0, 0, NULL, 25, 71, '', 0),
(209, 'Lot 2', 0, 0, NULL, 25, 52, '', 0),
(210, 'Lot 3', 0, 0, NULL, 25, 52, '', 0),
(211, 'Lot 4', 0, 0, NULL, 25, 52, '', 0),
(212, 'Lot 5', 0, 0, NULL, 25, 52, '', 0),
(213, 'Lot 6', 0, 0, NULL, 25, 52, '', 0),
(214, 'Lot 7', 0, 0, NULL, 25, 52, '', 0),
(215, 'Lot 8', 0, 0, NULL, 25, 90, '', 0),
(216, 'Lot 9', 0, 0, NULL, 25, 61, '', 0),
(217, 'Lot 10', 0, 0, NULL, 25, 42, '', 0),
(218, 'Lot 11', 0, 0, NULL, 25, 42, '', 0),
(219, 'Lot 12', 0, 0, NULL, 25, 42, '', 0),
(220, 'Lot 13', 0, 0, NULL, 25, 42, '', 0),
(221, 'Lot 14', 0, 0, NULL, 25, 42, '', 0),
(222, 'Lot 15', 0, 0, NULL, 25, 42, '', 0),
(223, 'Lot 16', 0, 0, NULL, 25, 45, '', 0),
(224, 'Lot 1', 0, 0, NULL, 26, 61, '', 0),
(225, 'Lot 2', 0, 0, NULL, 26, 42, '', 0),
(226, 'Lot 3', 0, 0, NULL, 26, 42, '', 0),
(227, 'Lot 4', 0, 0, NULL, 26, 42, '', 0),
(228, 'Lot 5', 0, 0, NULL, 26, 42, '', 0),
(229, 'Lot 6', 0, 0, NULL, 26, 42, '', 0),
(230, 'Lot 7', 0, 0, NULL, 26, 52, '', 0),
(231, 'Lot 8', 0, 0, NULL, 26, 52, '', 0),
(232, 'Lot 9', 0, 0, NULL, 26, 61, '', 0),
(233, 'Lot 10', 0, 0, NULL, 26, 42, '', 0),
(234, 'Lot 11', 0, 0, NULL, 26, 42, '', 0),
(235, 'Lot 12', 0, 0, NULL, 26, 42, '', 0),
(236, 'Lot 13', 0, 0, NULL, 26, 42, '', 0),
(237, 'Lot 14', 0, 0, NULL, 26, 42, '', 0),
(238, 'Lot 15', 0, 0, NULL, 26, 42, '', 0),
(239, 'Lot 16', 0, 0, NULL, 26, 45, '', 0),
(240, 'Lot 1', 0, 0, NULL, 27, 61, '', 0),
(241, 'Lot 2', 0, 0, NULL, 27, 42, '', 0),
(242, 'Lot 3', 0, 0, NULL, 27, 42, '', 0),
(243, 'Lot 4', 0, 0, NULL, 27, 42, '', 0),
(244, 'Lot 5', 0, 0, NULL, 27, 42, '', 0),
(245, 'Lot 6', 0, 0, NULL, 27, 42, '', 0),
(246, 'Lot 7', 0, 0, NULL, 27, 75, '', 0),
(247, 'Lot 8', 0, 0, NULL, 27, 61, '', 0),
(248, 'Lot 9', 0, 0, NULL, 27, 42, '', 0),
(249, 'Lot 10', 0, 0, NULL, 27, 42, '', 0),
(250, 'Lot 11', 0, 0, NULL, 27, 42, '', 0),
(251, 'Lot 12', 0, 0, NULL, 27, 42, '', 0),
(252, 'Lot 13', 0, 0, NULL, 27, 42, '', 0),
(253, 'Lot 14', 0, 0, NULL, 27, 67, '', 0),
(254, 'Lot 1', 0, 0, NULL, 28, 61, '', 0),
(255, 'Lot 2', 0, 0, NULL, 28, 42, '', 0),
(256, 'Lot 3', 0, 0, NULL, 28, 42, '', 0),
(257, 'Lot 4', 0, 0, NULL, 28, 42, '', 0),
(258, 'Lot 5', 0, 0, NULL, 28, 42, '', 0),
(259, 'Lot 6', 0, 0, NULL, 28, 42, '', 0),
(260, 'Lot 7', 0, 0, NULL, 28, 55, '', 0),
(261, 'Lot 8', 0, 0, NULL, 28, 257, '', 0),
(262, 'Lot 1', 0, 0, NULL, 29, 44, '', 0),
(263, 'Lot 2', 0, 0, NULL, 29, 44, '', 0),
(264, 'Lot 3', 0, 0, NULL, 29, 44, '', 0),
(265, 'Lot 4', 0, 0, NULL, 29, 44, '', 0),
(266, 'Lot 5', 0, 0, NULL, 29, 44, '', 0),
(267, 'Lot 6', 0, 0, NULL, 29, 44, '', 0),
(268, 'Lot 7', 0, 0, NULL, 29, 44, '', 0),
(269, 'Lot 8', 0, 0, NULL, 29, 70, '', 0),
(270, 'Lot 9', 0, 0, NULL, 29, 70, '', 0),
(271, 'Lot 10', 0, 0, NULL, 29, 44, '', 0),
(272, 'Lot 11', 0, 0, NULL, 29, 44, '', 0),
(273, 'Lot 12', 0, 0, NULL, 29, 44, '', 0),
(274, 'Lot 13', 0, 0, NULL, 29, 65, '', 0),
(275, 'Lot 14', 0, 0, NULL, 29, 69, '', 0),
(276, 'Lot 15', 0, 0, NULL, 29, 55, '', 0),
(277, 'Lot 16', 0, 0, NULL, 29, 55, '', 0),
(278, 'Lot 17', 0, 0, NULL, 29, 55, '', 0),
(279, 'Lot 18', 0, 0, NULL, 29, 55, '', 0),
(280, 'Lot 19', 0, 0, NULL, 29, 55, '', 0),
(281, 'Lot 20', 0, 0, NULL, 29, 55, '', 0),
(282, 'Lot 21', 0, 0, NULL, 29, 55, '', 0),
(283, 'Lot 22', 0, 0, NULL, 29, 55, '', 0),
(284, 'Lot 23', 0, 0, NULL, 29, 55, '', 0),
(285, 'Lot 24', 0, 0, NULL, 29, 55, '', 0),
(286, 'Lot 25', 0, 0, NULL, 29, 55, '', 0),
(287, 'Lot 26', 0, 0, NULL, 29, 55, '', 0),
(288, 'Lot 27', 0, 0, NULL, 29, 55, '', 0),
(289, 'Lot 1', 0, 0, NULL, 30, 45, '', 0),
(290, 'Lot 2', 0, 0, NULL, 30, 42, '', 0),
(291, 'Lot 3', 0, 0, NULL, 30, 42, '', 0),
(292, 'Lot 4', 0, 0, NULL, 30, 42, '', 0),
(293, 'Lot 5', 0, 0, NULL, 30, 42, '', 0),
(294, 'Lot 6', 0, 0, NULL, 30, 42, '', 0),
(295, 'Lot 7', 0, 0, NULL, 30, 42, '', 0),
(296, 'Lot 8', 0, 0, NULL, 30, 63, '', 0),
(297, 'Lot 9', 0, 0, NULL, 30, 63, '', 0),
(298, 'Lot 10', 0, 0, NULL, 30, 42, '', 0),
(299, 'Lot 11', 0, 0, NULL, 30, 42, '', 0),
(300, 'Lot 12', 0, 0, NULL, 30, 42, '', 0),
(301, 'Lot 13', 0, 0, NULL, 30, 42, '', 0),
(302, 'Lot 14', 0, 0, NULL, 30, 63, '', 0),
(303, 'Lot 15', 0, 0, NULL, 30, 63, '', 0),
(304, 'Lot 16', 0, 0, NULL, 30, 42, '', 0),
(305, 'Lot 17', 0, 0, NULL, 30, 42, '', 0),
(306, 'Lot 18', 0, 0, NULL, 30, 42, '', 0),
(307, 'Lot 19', 0, 0, NULL, 30, 42, '', 0),
(308, 'Lot 20', 0, 0, NULL, 30, 42, '', 0),
(309, 'Lot 21', 0, 0, NULL, 30, 42, '', 0),
(310, 'Lot 22', 0, 0, NULL, 30, 42, '', 0),
(311, 'Lot 23', 0, 0, NULL, 30, 42, '', 0),
(312, 'Lot 24', 0, 0, NULL, 30, 45, '', 0),
(313, 'Lot 1', 0, 0, NULL, 31, 42, '', 0),
(314, 'Lot 2', 0, 0, NULL, 31, 42, '', 0),
(315, 'Lot 3', 0, 0, NULL, 31, 42, '', 0),
(316, 'Lot 4', 0, 0, NULL, 31, 42, '', 0),
(317, 'Lot 5', 0, 0, NULL, 31, 42, '', 0),
(318, 'Lot 6', 0, 0, NULL, 31, 42, '', 0),
(319, 'Lot 7', 0, 0, NULL, 31, 63, '', 0),
(320, 'Lot 8', 0, 0, NULL, 31, 63, '', 0),
(321, 'Lot 9', 0, 0, NULL, 31, 42, '', 0),
(322, 'Lot 10', 0, 0, NULL, 31, 42, '', 0),
(323, 'Lot 11', 0, 0, NULL, 31, 42, '', 0),
(324, 'Lot 12', 0, 0, NULL, 31, 42, '', 0),
(325, 'Lot 13', 0, 0, NULL, 31, 42, '', 0),
(326, 'Lot 14', 0, 0, NULL, 31, 42, '', 0),
(327, 'Lot 15', 0, 0, NULL, 31, 42, '', 0),
(328, 'Lot 1', 0, 0, NULL, 32, 45, '', 0),
(329, 'Lot 2', 0, 0, NULL, 32, 42, '', 0),
(330, 'Lot 3', 0, 0, NULL, 32, 42, '', 0),
(331, 'Lot 4', 0, 0, NULL, 32, 42, '', 0),
(332, 'Lot 5', 0, 0, NULL, 32, 42, '', 0),
(333, 'Lot 6', 0, 0, NULL, 32, 42, '', 0),
(334, 'Lot 7', 0, 0, NULL, 32, 42, '', 0),
(335, 'Lot 8', 0, 0, NULL, 32, 42, '', 0),
(336, 'Lot 9', 0, 0, NULL, 32, 63, '', 0),
(337, 'Lot 10', 0, 0, NULL, 32, 63, '', 0),
(338, 'Lot 11', 0, 0, NULL, 32, 42, '', 0),
(339, 'Lot 12', 0, 0, NULL, 32, 42, '', 0),
(340, 'Lot 13', 0, 0, NULL, 32, 42, '', 0),
(341, 'Lot 14', 0, 0, NULL, 32, 42, '', 0),
(342, 'Lot 15', 0, 0, NULL, 32, 63, '', 0),
(343, 'Lot 16', 0, 0, NULL, 32, 63, '', 0),
(344, 'Lot 17', 0, 0, NULL, 32, 42, '', 0),
(345, 'Lot 18', 0, 0, NULL, 32, 42, '', 0),
(346, 'Lot 19', 0, 0, NULL, 32, 42, '', 0),
(347, 'Lot 20', 0, 0, NULL, 32, 42, '', 0),
(348, 'Lot 21', 0, 0, NULL, 32, 42, '', 0),
(349, 'Lot 22', 0, 0, NULL, 32, 74, '', 0),
(350, 'Lot 1', 0, 0, NULL, 33, 79, '', 0),
(351, 'Lot 2', 0, 0, NULL, 33, 106, '', 0),
(352, 'Lot 3', 0, 0, NULL, 33, 124, '', 0),
(353, 'Lot 4', 0, 0, NULL, 33, 93, '', 0),
(354, 'Lot 5', 0, 0, NULL, 33, 93, '', 0),
(355, 'Lot 6', 0, 0, NULL, 33, 124, '', 0),
(356, 'Lot 7', 0, 0, NULL, 33, 106, '', 0),
(357, 'Lot 8', 0, 0, NULL, 33, 79, '', 0),
(358, 'Lot 1', 0, 0, NULL, 34, 147, '', 0),
(359, 'Lot 2', 0, 0, NULL, 34, 75, '', 0),
(360, 'Lot 3', 0, 0, NULL, 34, 75, '', 0),
(361, 'Lot 4', 0, 0, NULL, 34, 75, '', 0),
(362, 'Lot 5', 0, 0, NULL, 34, 141, '', 0),
(363, 'Lot 6', 0, 0, NULL, 34, 75, '', 0),
(364, 'Lot 7', 0, 0, NULL, 34, 75, '', 0),
(365, 'Lot 8', 0, 0, NULL, 34, 75, '', 0),
(366, 'Lot 1', 0, 0, NULL, 35, 120, '', 0),
(367, 'Lot 2', 0, 0, NULL, 35, 119, '', 0),
(368, 'Lot 3', 0, 0, NULL, 35, 119, '', 0),
(369, 'Lot 4', 0, 0, NULL, 35, 120, '', 0),
(370, 'Lot 5', 0, 0, NULL, 35, 114, '', 0),
(371, 'Lot 6', 0, 0, NULL, 35, 76, '', 0),
(372, 'Lot 7', 0, 0, NULL, 35, 76, '', 0),
(373, 'Lot 1', 0, 0, NULL, 36, 63, 'Regular', 8000),
(374, 'Lot 2', 0, 0, NULL, 36, 50, 'Regular', 8999),
(375, 'Lot 3', 0, 0, NULL, 36, 50, 'Regular', 999),
(376, 'Lot 4', 0, 0, NULL, 36, 50, 'Regular', 903),
(377, 'Lot 5', 0, 0, NULL, 36, 50, 'Regular', 888),
(378, 'Lot 6', 0, 0, NULL, 36, 50, 'lsjlkdj', 90909),
(379, 'Lot 7', 0, 0, NULL, 36, 50, 'daskljd', 12938),
(380, 'Lot 8', 0, 0, NULL, 36, 50, '', 0),
(381, 'Lot 9', 0, 1, NULL, 36, 50, 'dkajdk', 92839),
(382, 'Lot 10', 0, 0, NULL, 36, 50, 'kdjalkj', 29183),
(383, 'Lot 11', 0, 0, NULL, 36, 50, 'ksdlk', 192892),
(384, 'Lot 12', 0, 0, NULL, 36, 50, 'dlajsd', 2831),
(385, 'Lot 13', 0, 0, NULL, 36, 50, '', 0),
(386, 'Lot 14', 0, 0, NULL, 36, 50, '', 0),
(387, 'Lot 15', 0, 0, NULL, 36, 50, '', 0),
(388, 'Lot 16', 0, 0, NULL, 36, 50, '', 0),
(389, 'Lot 17', 0, 0, NULL, 36, 50, '', 0),
(390, 'Lot 18', 0, 0, NULL, 36, 50, '', 0),
(391, 'Lot 19', 0, 0, NULL, 36, 50, '', 0),
(392, 'Lot 20', 0, 0, NULL, 36, 50, '', 0),
(393, 'Lot 21', 0, 0, NULL, 36, 50, '', 0),
(394, 'Lot 22', 0, 0, NULL, 36, 50, '', 0),
(395, 'Lot 23', 0, 0, NULL, 36, 50, '', 0),
(396, 'Lot 24', 0, 0, NULL, 36, 50, '', 0),
(397, 'Lot 25', 0, 0, NULL, 36, 50, '', 0),
(398, 'Lot 26', 0, 0, NULL, 36, 50, '', 0),
(399, 'Lot 27', 0, 0, NULL, 36, 50, '', 0),
(400, 'Lot 28', 0, 0, NULL, 36, 50, '', 0),
(401, 'Lot 29', 0, 0, NULL, 36, 50, '', 0),
(402, 'Lot 30', 0, 0, NULL, 36, 50, '', 0),
(403, 'Lot 31', 0, 0, NULL, 36, 50, '', 0),
(404, 'Lot 32', 0, 0, NULL, 36, 50, '', 0),
(405, 'Lot 33', 0, 0, NULL, 36, 50, '', 0),
(406, 'Lot 34', 0, 0, NULL, 36, 50, '', 0),
(407, 'Lot 35', 0, 0, NULL, 36, 50, '', 0),
(408, 'Lot 36', 0, 0, NULL, 36, 50, '', 0),
(409, 'Lot 37', 0, 0, NULL, 36, 50, '', 0),
(410, 'Lot 38', 0, 0, NULL, 36, 50, '', 0),
(411, 'Lot 39', 0, 0, NULL, 36, 50, '', 0),
(412, 'Lot 40', 0, 0, NULL, 36, 50, '', 0),
(413, 'Lot 41', 0, 0, NULL, 36, 50, '', 0),
(414, 'Lot 42', 0, 0, NULL, 36, 52, '', 0),
(415, 'Lot 1', 0, 0, NULL, 37, 60, '', 0),
(416, 'Lot 2', 0, 0, NULL, 37, 50, 'Regular', 1000),
(417, 'Lot 3', 0, 0, NULL, 37, 50, 'Regular', 900),
(418, 'Lot 4', 0, 0, NULL, 37, 50, '', 0),
(419, 'Lot 5', 0, 0, NULL, 37, 50, '', 0),
(420, 'Lot 6', 0, 0, NULL, 37, 65, '', 0),
(421, 'Lot 7', 0, 0, NULL, 37, 55, '', 0),
(422, 'Lot 8', 0, 0, NULL, 37, 50, '', 0),
(423, 'Lot 9', 0, 0, NULL, 37, 50, '', 0),
(424, 'Lot 10', 0, 0, NULL, 37, 50, '', 0),
(425, 'Lot 11', 0, 0, NULL, 37, 50, '', 0),
(426, 'Lot 12', 0, 0, NULL, 37, 50, '', 0),
(427, 'Lot 13', 0, 0, NULL, 37, 50, '', 0),
(428, 'Lot 14', 0, 0, NULL, 37, 50, '', 0),
(429, 'Lot 15', 0, 0, NULL, 37, 50, '', 0),
(430, 'Lot 16', 0, 0, NULL, 37, 50, '', 0),
(431, 'Lot 17', 0, 0, NULL, 37, 50, '', 0),
(432, 'Lot 18', 0, 0, NULL, 37, 50, '', 0),
(433, 'Lot 19', 0, 0, NULL, 37, 50, '', 0),
(434, 'Lot 20', 0, 0, NULL, 37, 50, '', 0),
(435, 'Lot 21', 0, 0, NULL, 37, 50, '', 0),
(436, 'Lot 22', 0, 0, NULL, 37, 50, '', 0),
(437, 'Lot 23', 0, 0, NULL, 37, 50, '', 0),
(438, 'Lot 24', 0, 0, NULL, 37, 92, '', 0),
(439, 'Lot 25', 0, 0, NULL, 37, 50, '', 0),
(440, 'Lot 26', 0, 0, NULL, 37, 50, '', 0),
(441, 'Lot 27', 0, 0, NULL, 37, 50, '', 0),
(442, 'Lot 28', 0, 0, NULL, 37, 50, 'Regular', 8999),
(443, 'Lot 29', 0, 0, NULL, 37, 50, '', 0),
(444, 'Lot 30', 0, 0, NULL, 37, 50, '', 0),
(445, 'Lot 31', 0, 0, NULL, 37, 50, '', 0),
(446, 'Lot 32', 0, 0, NULL, 37, 60, '', 0),
(447, 'Lot 33', 0, 0, NULL, 37, 68, '', 0),
(448, 'Lot 34', 0, 0, NULL, 37, 50, '', 0),
(449, 'Lot 35', 0, 0, NULL, 37, 60, '', 0),
(450, 'Lot 36', 0, 0, NULL, 37, 62, '', 0),
(451, 'Lot 1', 0, 0, NULL, 38, 50, '', 0),
(452, 'Lot 2', 0, 0, NULL, 38, 50, '', 0),
(453, 'Lot 3', 0, 0, NULL, 38, 54, '', 0),
(454, 'Lot 4', 0, 0, NULL, 38, 50, '', 0),
(455, 'Lot 5', 0, 0, NULL, 38, 50, '', 0),
(456, 'Lot 6', 0, 0, NULL, 38, 50, '', 0),
(457, 'Lot 7', 0, 0, NULL, 38, 50, '', 0),
(458, 'Lot 8', 0, 0, NULL, 38, 50, '', 0),
(459, 'Lot 9', 0, 0, NULL, 38, 50, '', 0),
(460, 'Lot 10', 0, 0, NULL, 38, 50, '', 0),
(461, 'Lot 11', 0, 0, NULL, 38, 50, '', 0),
(462, 'Lot 12', 0, 0, NULL, 38, 50, '', 0),
(463, 'Lot 13', 0, 0, NULL, 38, 64, '', 0),
(464, 'Lot 1', 0, 0, NULL, 39, 53, '', 0),
(465, 'Lot 2', 0, 0, NULL, 39, 50, '', 0),
(466, 'Lot 3', 0, 0, NULL, 39, 50, '', 0),
(467, 'Lot 4', 0, 0, NULL, 39, 50, '', 0),
(468, 'Lot 5', 0, 0, NULL, 39, 50, '', 0),
(469, 'Lot 6', 0, 0, NULL, 39, 70, '', 0),
(470, 'Lot 7', 0, 0, NULL, 39, 51, '', 0),
(471, 'Lot 8', 0, 0, NULL, 39, 50, '', 0),
(472, 'Lot 9', 0, 0, NULL, 39, 50, '', 0),
(473, 'Lot 10', 0, 0, NULL, 39, 50, '', 0),
(474, 'Lot 11', 0, 0, NULL, 39, 50, '', 0),
(475, 'Lot 12', 0, 0, NULL, 39, 50, '', 0),
(476, 'Lot 13', 0, 0, NULL, 39, 55, '', 0),
(477, 'Lot 1', 0, 0, NULL, 40, 82, '', 0),
(478, 'Lot 2', 0, 0, NULL, 40, 50, '', 0),
(479, 'Lot 3', 0, 0, NULL, 40, 50, '', 0),
(480, 'Lot 4', 0, 0, NULL, 40, 50, '', 0),
(481, 'Lot 5', 0, 0, NULL, 40, 50, '', 0),
(482, 'Lot 6', 0, 0, NULL, 40, 50, '', 0),
(483, 'Lot 7', 0, 0, NULL, 40, 50, '', 0),
(484, 'Lot 8', 0, 0, NULL, 40, 87, '', 0),
(485, 'Lot 9', 0, 0, NULL, 40, 50, '', 0),
(486, 'Lot 10', 0, 0, NULL, 40, 50, '', 0),
(487, 'Lot 11', 0, 0, NULL, 40, 61, '', 0),
(488, 'Lot 12', 0, 0, NULL, 40, 56, '', 0),
(489, 'Lot 13', 0, 0, NULL, 40, 62, '', 0),
(490, 'Lot 14', 0, 0, NULL, 40, 69, '', 0),
(491, 'Lot 15', 0, 0, NULL, 40, 52, '', 0),
(492, 'Lot 16', 0, 0, NULL, 40, 60, '', 0),
(493, 'Lot 17', 0, 0, NULL, 40, 79, '', 0),
(494, 'Lot 1', 0, 0, NULL, 41, 55, '', 0),
(495, 'Lot 2', 0, 0, NULL, 41, 50, '', 0),
(496, 'Lot 3', 0, 0, NULL, 41, 50, '', 0),
(497, 'Lot 4', 0, 0, NULL, 41, 50, '', 0),
(498, 'Lot 5', 0, 0, NULL, 41, 50, '', 0),
(499, 'Lot 6', 0, 0, NULL, 41, 50, '', 0),
(500, 'Lot 7', 0, 0, NULL, 41, 50, '', 0),
(501, 'Lot 8', 0, 0, NULL, 41, 50, '', 0),
(502, 'Lot 9', 0, 0, NULL, 41, 50, '', 0),
(503, 'Lot 10', 0, 0, NULL, 41, 85, '', 0),
(504, 'Lot 11', 0, 0, NULL, 41, 81, '', 0),
(505, 'Lot 12', 0, 0, NULL, 41, 50, '', 0),
(506, 'Lot 13', 0, 0, NULL, 41, 50, '', 0),
(507, 'Lot 14', 0, 0, NULL, 41, 50, '', 0),
(508, 'Lot 15', 0, 0, NULL, 41, 50, '', 0),
(509, 'Lot 16', 0, 0, NULL, 41, 50, '', 0),
(510, 'Lot 17', 0, 0, NULL, 41, 50, '', 0),
(511, 'Lot 18', 0, 0, NULL, 41, 50, '', 0),
(512, 'Lot 19', 0, 0, NULL, 41, 83, '', 0),
(513, 'Lot 1', 0, 0, NULL, 42, 79, '', 0),
(514, 'Lot 2', 0, 0, NULL, 42, 50, '', 0),
(515, 'Lot 3', 0, 0, NULL, 42, 50, '', 0),
(516, 'Lot 4', 0, 0, NULL, 42, 50, '', 0),
(517, 'Lot 5', 0, 0, NULL, 42, 50, '', 0),
(518, 'Lot 6', 0, 0, NULL, 42, 50, '', 0),
(519, 'Lot 7', 0, 0, NULL, 42, 50, '', 0),
(520, 'Lot 8', 0, 0, NULL, 42, 50, '', 0),
(521, 'Lot 9', 0, 0, NULL, 42, 50, '', 0),
(522, 'Lot 10', 0, 0, NULL, 42, 50, '', 0),
(523, 'Lot 11', 0, 0, NULL, 42, 83, '', 0),
(524, 'Lot 12', 0, 0, NULL, 42, 79, '', 0),
(525, 'Lot 13', 0, 0, NULL, 42, 50, '', 0),
(526, 'Lot 14', 0, 0, NULL, 42, 50, '', 0),
(527, 'Lot 15', 0, 0, NULL, 42, 50, '', 0),
(528, 'Lot 16', 0, 0, NULL, 42, 50, '', 0),
(529, 'Lot 17', 0, 0, NULL, 42, 50, '', 0),
(530, 'Lot 18', 0, 0, NULL, 42, 50, '', 0),
(531, 'Lot 19', 0, 0, NULL, 42, 50, '', 0),
(532, 'Lot 20', 0, 0, NULL, 42, 50, '', 0),
(533, 'Lot 21', 0, 0, NULL, 42, 50, '', 0),
(534, 'Lot 22', 0, 0, NULL, 42, 57, '', 0),
(535, 'Lot 1', 0, 0, NULL, 43, 53, '', 0),
(536, 'Lot 2', 0, 0, NULL, 43, 50, '', 0),
(537, 'Lot 3', 0, 0, NULL, 43, 50, '', 0),
(538, 'Lot 4', 0, 0, NULL, 43, 50, '', 0),
(539, 'Lot 5', 0, 0, NULL, 43, 50, '', 0),
(540, 'Lot 6', 0, 0, NULL, 43, 50, '', 0),
(541, 'Lot 7', 0, 0, NULL, 43, 50, '', 0),
(542, 'Lot 8', 0, 0, NULL, 43, 50, '', 0),
(543, 'Lot 9', 0, 0, NULL, 43, 50, '', 0),
(544, 'Lot 10', 0, 0, NULL, 43, 50, '', 0),
(545, 'Lot 11', 0, 0, NULL, 43, 50, '', 0),
(546, 'Lot 12', 0, 0, NULL, 43, 50, '', 0),
(547, 'Lot 13', 0, 0, NULL, 43, 50, '', 0),
(548, 'Lot 14', 0, 0, NULL, 43, 50, '', 0),
(549, 'Lot 15', 0, 0, NULL, 43, 72, '', 0),
(550, 'Lot 16', 0, 0, NULL, 43, 56, '', 0),
(551, 'Lot 17', 0, 0, NULL, 43, 50, '', 0),
(552, 'Lot 18', 0, 0, NULL, 43, 50, '', 0),
(553, 'Lot 19', 0, 0, NULL, 43, 50, '', 0),
(554, 'Lot 20', 0, 0, NULL, 43, 50, '', 0),
(555, 'Lot 21', 0, 0, NULL, 43, 50, '', 0),
(556, 'Lot 22', 0, 0, NULL, 43, 50, '', 0),
(557, 'Lot 23', 0, 0, NULL, 43, 50, '', 0),
(558, 'Lot 24', 0, 0, NULL, 43, 50, '', 0),
(559, 'Lot 25', 0, 0, NULL, 43, 50, '', 0),
(560, 'Lot 26', 0, 0, NULL, 43, 50, '', 0),
(561, 'Lot 27', 0, 0, NULL, 43, 50, '', 0),
(562, 'Lot 28', 0, 0, NULL, 43, 50, '', 0),
(563, 'Lot 29', 0, 0, NULL, 43, 81, '', 0),
(564, 'Lot 1', 0, 0, NULL, 44, 76, '', 0),
(565, 'Lot 2', 0, 0, NULL, 44, 50, '', 0),
(566, 'Lot 3', 0, 0, NULL, 44, 50, '', 0),
(567, 'Lot 4', 0, 0, NULL, 44, 50, '', 0),
(568, 'Lot 5', 0, 0, NULL, 44, 50, '', 0),
(569, 'Lot 6', 0, 0, NULL, 44, 50, '', 0),
(570, 'Lot 7', 0, 0, NULL, 44, 50, '', 0),
(571, 'Lot 8', 0, 0, NULL, 44, 50, '', 0),
(572, 'Lot 9', 0, 0, NULL, 44, 50, '', 0),
(573, 'Lot 10', 0, 0, NULL, 44, 84, '', 0),
(574, 'Lot 11', 0, 0, NULL, 44, 89, '', 0),
(575, 'Lot 12', 0, 0, NULL, 44, 50, '', 0),
(576, 'Lot 13', 0, 0, NULL, 44, 50, '', 0),
(577, 'Lot 14', 0, 0, NULL, 44, 50, '', 0),
(578, 'Lot 15', 0, 0, NULL, 44, 72, '', 0),
(579, 'Lot 16', 0, 0, NULL, 44, 56, '', 0),
(580, 'Lot 17', 0, 0, NULL, 44, 50, '', 0),
(581, 'Lot 18', 0, 0, NULL, 44, 50, '', 0),
(582, 'Lot 19', 0, 0, NULL, 44, 50, '', 0),
(583, 'Lot 20', 0, 0, NULL, 44, 50, '', 0),
(584, 'Lot 21', 0, 0, NULL, 44, 50, '', 0),
(585, 'Lot 22', 0, 0, NULL, 44, 54, '', 0),
(586, 'Lot 1', 0, 0, NULL, 45, 50, '', 0),
(587, 'Lot 1', 0, 0, NULL, 45, 50, '', 0),
(588, 'Lot 2', 0, 0, NULL, 45, 50, '', 0),
(589, 'Lot 3', 0, 0, NULL, 45, 50, '', 0),
(590, 'Lot 4', 0, 0, NULL, 45, 50, '', 0),
(591, 'Lot 5', 0, 0, NULL, 45, 50, '', 0),
(592, 'Lot 6', 0, 0, NULL, 45, 83, '', 0),
(593, 'Lot 7', 0, 0, NULL, 45, 84, '', 0),
(594, 'Lot 8', 0, 0, NULL, 45, 50, '', 0),
(595, 'Lot 9', 0, 0, NULL, 45, 50, '', 0),
(596, 'Lot 10', 0, 0, NULL, 45, 50, '', 0),
(597, 'Lot 11', 0, 0, NULL, 45, 50, '', 0),
(598, 'Lot 12', 0, 0, NULL, 45, 50, '', 0),
(599, 'Lot 13', 0, 0, NULL, 45, 78, '', 0),
(600, 'Lot 1', 0, 0, NULL, 46, 48, 'Townhouse', 1200),
(601, 'Lot 2', 0, 0, NULL, 46, 41, '', 0),
(602, 'Lot 3', 0, 0, NULL, 46, 41, '', 0),
(603, 'Lot 4', 0, 0, NULL, 46, 41, '', 0),
(604, 'Lot 5', 0, 0, NULL, 46, 41, '', 0),
(605, 'Lot 6', 0, 0, NULL, 46, 41, '', 0),
(606, 'Lot 7', 0, 0, NULL, 46, 41, '', 0),
(607, 'Lot 8', 0, 0, NULL, 46, 41, '', 0),
(608, 'Lot 9', 0, 0, NULL, 46, 41, '', 0),
(609, 'Lot 10', 0, 0, NULL, 46, 41, '', 0),
(610, 'Lot 11', 0, 0, NULL, 46, 56, '', 0),
(611, 'Lot 12', 0, 0, NULL, 46, 56, '', 0),
(612, 'Lot 13', 0, 0, NULL, 46, 41, '', 0),
(613, 'Lot 14', 0, 0, NULL, 46, 41, '', 0),
(614, 'Lot 15', 0, 0, NULL, 46, 41, '', 0),
(615, 'Lot 16', 0, 0, NULL, 46, 41, '', 0),
(616, 'Lot 17', 0, 0, NULL, 46, 41, '', 0),
(617, 'Lot 18', 0, 0, NULL, 46, 41, '', 0),
(618, 'Lot 19', 0, 0, NULL, 46, 60, '', 0),
(619, 'Lot 20', 0, 0, NULL, 46, 41, '', 0),
(620, 'Lot 21', 0, 0, NULL, 46, 41, '', 0),
(621, 'Lot 22', 0, 0, NULL, 46, 41, '', 0),
(622, 'Lot 23', 0, 0, NULL, 46, 41, '', 0),
(623, 'Lot 24', 0, 0, NULL, 46, 109, '', 0),
(624, 'Lot 25', 0, 0, NULL, 46, 41, '', 0),
(625, 'Lot 26', 0, 0, NULL, 46, 41, '', 0),
(626, 'Lot 27', 0, 0, NULL, 46, 41, '', 0),
(627, 'Lot 28', 0, 0, NULL, 46, 41, '', 0),
(628, 'Lot 29', 0, 0, NULL, 46, 41, '', 0),
(629, 'Lot 30', 0, 0, NULL, 46, 41, '', 0),
(630, 'Lot 31', 0, 0, NULL, 46, 41, '', 0),
(631, 'Lot 32', 0, 0, NULL, 46, 41, '', 0),
(632, 'Lot 33', 0, 0, NULL, 46, 41, '', 0),
(633, 'Lot 34', 0, 0, NULL, 46, 41, '', 0),
(634, 'Lot 35', 0, 0, NULL, 46, 41, '', 0),
(635, 'Lot 36', 0, 0, NULL, 46, 41, '', 0),
(636, 'Lot 37', 0, 0, NULL, 46, 41, '', 0),
(637, 'Lot 38', 0, 0, NULL, 46, 41, '', 0),
(638, 'Lot 39', 0, 0, NULL, 46, 98, '', 0),
(639, 'Lot 40', 0, 0, NULL, 46, 41, '', 0),
(640, 'Lot 41', 0, 0, NULL, 46, 41, '', 0),
(641, 'Lot 42', 0, 0, NULL, 46, 41, '', 0),
(642, 'Lot 43', 0, 0, NULL, 46, 41, '', 0),
(643, 'Lot 44', 0, 0, NULL, 46, 41, '', 0),
(644, 'Lot 45', 0, 0, NULL, 46, 41, '', 0),
(645, 'Lot 46', 0, 0, NULL, 46, 41, '', 0),
(646, 'Lot 47', 0, 0, NULL, 46, 41, '', 0),
(647, 'Lot 48', 0, 0, NULL, 46, 41, '', 0),
(648, 'Lot 49', 0, 0, NULL, 46, 56, '', 0),
(649, 'Lot 50', 0, 0, NULL, 46, 56, '', 0),
(650, 'Lot 51', 0, 0, NULL, 46, 41, '', 0),
(651, 'Lot 52', 0, 0, NULL, 46, 41, '', 0),
(652, 'Lot 53', 0, 0, NULL, 46, 41, '', 0),
(653, 'Lot 54', 0, 0, NULL, 46, 41, '', 0),
(654, 'Lot 55', 0, 0, NULL, 46, 41, '', 0),
(655, 'Lot 56', 0, 0, NULL, 46, 41, '', 0),
(656, 'Lot 57', 0, 0, NULL, 46, 78, '', 0),
(657, 'Lot 58', 0, 0, NULL, 46, 41, '', 0),
(658, 'Lot 59', 0, 0, NULL, 46, 41, '', 0),
(659, 'Lot 60', 0, 0, NULL, 46, 41, '', 0),
(660, 'Lot 61', 0, 0, NULL, 46, 41, '', 0),
(661, 'Lot 62', 0, 0, NULL, 46, 41, '', 0),
(662, 'Lot 63', 0, 0, NULL, 46, 41, '', 0),
(663, 'Lot 64', 0, 0, NULL, 46, 41, '', 0),
(664, 'Lot 65', 0, 0, NULL, 46, 41, '', 0),
(665, 'Lot 66', 0, 0, NULL, 46, 113, '', 0),
(666, 'Lot 67', 0, 0, NULL, 46, 41, '', 0),
(667, 'Lot 68', 0, 0, NULL, 46, 41, '', 0),
(668, 'Lot 69', 0, 0, NULL, 46, 41, '', 0),
(669, 'Lot 70', 0, 0, NULL, 46, 41, '', 0),
(670, 'Lot 71', 0, 0, NULL, 46, 41, '', 0),
(671, 'Lot 72', 0, 0, NULL, 46, 41, '', 0),
(672, 'Lot 73', 0, 0, NULL, 46, 56, '', 0),
(673, 'Lot 74', 0, 0, NULL, 46, 56, '', 0),
(674, 'Lot 75', 0, 0, NULL, 46, 41, '', 0),
(675, 'Lot 76', 0, 0, NULL, 46, 41, '', 0),
(676, 'Lot 77', 0, 0, NULL, 46, 41, '', 0),
(677, 'Lot 78', 0, 0, NULL, 46, 41, '', 0),
(678, 'Lot 79', 0, 0, NULL, 46, 41, '', 0),
(679, 'Lot 80', 0, 0, NULL, 46, 41, '', 0),
(680, 'Lot 81', 0, 0, NULL, 46, 41, '', 0),
(681, 'Lot 82', 0, 0, NULL, 46, 41, '', 0),
(682, 'Lot 83', 0, 0, NULL, 46, 56, '', 0),
(683, 'Lot 84', 0, 0, NULL, 46, 56, '', 0),
(684, 'Lot 85', 0, 0, NULL, 46, 41, '', 0),
(685, 'Lot 86', 0, 0, NULL, 46, 41, '', 0),
(686, 'Lot 87', 0, 0, NULL, 46, 41, '', 0),
(687, 'Lot 88', 0, 0, NULL, 46, 41, '', 0),
(688, 'Lot 89', 0, 0, NULL, 46, 41, '', 0),
(689, 'Lot 90', 0, 0, NULL, 46, 41, '', 0),
(690, 'Lot 91', 0, 0, NULL, 46, 41, '', 0),
(691, 'Lot 92', 0, 0, NULL, 46, 41, '', 0),
(692, 'Lot 93', 0, 0, NULL, 46, 56, '', 0),
(693, 'Lot 94', 0, 0, NULL, 46, 56, '', 0),
(694, 'Lot 95', 0, 0, NULL, 46, 41, '', 0),
(695, 'Lot 96', 0, 0, NULL, 46, 41, '', 0),
(696, 'Lot 97', 0, 0, NULL, 46, 41, '', 0),
(697, 'Lot 98', 0, 0, NULL, 46, 41, '', 0),
(698, 'Lot 99', 0, 0, NULL, 46, 41, '', 0),
(699, 'Lot 100', 0, 0, NULL, 46, 41, '', 0),
(700, 'Lot 101', 0, 0, NULL, 46, 41, '', 0),
(701, 'Lot 102', 0, 0, NULL, 46, 41, '', 0),
(702, 'Lot 103', 0, 0, NULL, 46, 56, '', 0),
(703, 'Lot 104', 0, 0, NULL, 46, 56, '', 0),
(704, 'Lot 105', 0, 0, NULL, 46, 41, '', 0),
(705, 'Lot 106', 0, 0, NULL, 46, 41, '', 0),
(706, 'Lot 107', 0, 0, NULL, 46, 41, '', 0),
(707, 'Lot 108', 0, 0, NULL, 46, 41, '', 0),
(708, 'Lot 109', 0, 0, NULL, 46, 41, '', 0),
(709, 'Lot 110', 0, 0, NULL, 46, 41, '', 0),
(710, 'Lot 111', 0, 0, NULL, 46, 41, '', 0),
(711, 'Lot 112', 0, 0, NULL, 46, 41, '', 0),
(712, 'Lot 113', 0, 0, NULL, 46, 56, '', 0),
(713, 'Lot 114', 0, 0, NULL, 46, 56, '', 0),
(714, 'Lot 115', 0, 0, NULL, 46, 41, '', 0),
(715, 'Lot 116', 0, 0, NULL, 46, 41, '', 0),
(716, 'Lot 117', 0, 0, NULL, 46, 41, '', 0),
(717, 'Lot 118', 0, 0, NULL, 46, 41, '', 0),
(718, 'Lot 119', 0, 0, NULL, 46, 41, '', 0),
(719, 'Lot 120', 0, 0, NULL, 46, 41, '', 0),
(720, 'Lot 121', 0, 0, NULL, 46, 41, '', 0),
(721, 'Lot 122', 0, 0, NULL, 46, 41, '', 0),
(722, 'Lot 123', 0, 0, NULL, 46, 56, '', 0),
(723, 'Lot 124', 0, 0, NULL, 46, 56, '', 0),
(724, 'Lot 125', 0, 0, NULL, 46, 41, '', 0),
(725, 'Lot 126', 0, 0, NULL, 46, 41, '', 0),
(726, 'Lot 127', 0, 0, NULL, 46, 41, '', 0),
(727, 'Lot 128', 0, 0, NULL, 46, 41, '', 0),
(728, 'Lot 129', 0, 0, NULL, 46, 41, '', 0),
(729, 'Lot 130', 0, 0, NULL, 46, 41, '', 0),
(730, 'Lot 131', 0, 0, NULL, 46, 41, '', 0),
(731, 'Lot 132', 0, 0, NULL, 46, 41, '', 0),
(732, 'Lot 133', 0, 0, NULL, 46, 61, '', 0),
(733, 'Lot 1', 0, 0, NULL, 47, 81, '', 0),
(734, 'Lot 2', 0, 0, NULL, 47, 41, '', 0),
(735, 'Lot 3', 0, 0, NULL, 47, 41, '', 0),
(736, 'Lot 4', 0, 0, NULL, 47, 41, '', 0),
(737, 'Lot 5', 0, 0, NULL, 47, 41, '', 0),
(738, 'Lot 6', 0, 0, NULL, 47, 41, '', 0),
(739, 'Lot 7', 0, 0, NULL, 47, 41, '', 0),
(740, 'Lot 8', 0, 0, NULL, 47, 41, '', 0),
(741, 'Lot 9', 0, 0, NULL, 47, 41, '', 0),
(742, 'Lot 10', 0, 0, NULL, 47, 41, '', 0),
(743, 'Lot 11', 0, 0, NULL, 47, 41, '', 0),
(744, 'Lot 12', 0, 0, NULL, 47, 41, '', 0),
(745, 'Lot 13', 0, 0, NULL, 47, 41, '', 0),
(746, 'Lot 14', 0, 0, NULL, 47, 103, '', 0),
(747, 'Lot 15', 0, 0, NULL, 47, 41, '', 0),
(748, 'Lot 16', 0, 0, NULL, 47, 41, '', 0),
(749, 'Lot 17', 0, 0, NULL, 47, 41, '', 0),
(750, 'Lot 18', 0, 0, NULL, 47, 41, '', 0),
(751, 'Lot 19', 0, 0, NULL, 47, 41, '', 0),
(752, 'Lot 20', 0, 0, NULL, 47, 41, '', 0),
(753, 'Lot 21', 0, 0, NULL, 47, 41, '', 0),
(754, 'Lot 22', 0, 0, NULL, 47, 41, '', 0),
(755, 'Lot 23', 0, 0, NULL, 47, 41, '', 0),
(756, 'Lot 24', 0, 0, NULL, 47, 60, '', 0),
(757, 'Lot 25', 0, 0, NULL, 47, 51, '', 0),
(758, 'Lot 26', 0, 0, NULL, 47, 41, '', 0),
(759, 'Lot 27', 0, 0, NULL, 47, 41, '', 0),
(760, 'Lot 28', 0, 0, NULL, 47, 41, '', 0),
(761, 'Lot 29', 0, 0, NULL, 47, 41, '', 0),
(762, 'Lot 30', 0, 0, NULL, 47, 41, '', 0),
(763, 'Lot 31', 0, 0, NULL, 47, 41, '', 0),
(764, 'Lot 32', 0, 0, NULL, 47, 41, '', 0),
(765, 'Lot 33', 0, 0, NULL, 47, 41, '', 0),
(766, 'Lot 34', 0, 0, NULL, 47, 41, '', 0),
(767, 'Lot 35', 0, 0, NULL, 47, 41, '', 0),
(768, 'Lot 36', 0, 0, NULL, 47, 41, '', 0),
(769, 'Lot 37', 0, 0, NULL, 47, 41, '', 0),
(770, 'Lot 38', 0, 0, NULL, 47, 61, '', 0),
(771, 'Lot 39', 0, 0, NULL, 47, 41, '', 0),
(772, 'Lot 40', 0, 0, NULL, 47, 41, '', 0),
(773, 'Lot 41', 0, 0, NULL, 47, 41, '', 0),
(774, 'Lot 42', 0, 0, NULL, 47, 41, '', 0),
(775, 'Lot 43', 0, 0, NULL, 47, 41, '', 0),
(776, 'Lot 44', 0, 0, NULL, 47, 41, '', 0),
(777, 'Lot 45', 0, 0, NULL, 47, 41, '', 0),
(778, 'Lot 46', 0, 0, NULL, 47, 41, '', 0),
(779, 'Lot 47', 0, 0, NULL, 47, 41, '', 0),
(780, 'Lot 48', 0, 0, NULL, 47, 41, '', 0),
(781, 'Lot 49', 0, 0, NULL, 47, 41, '', 0),
(782, 'Lot 50', 0, 0, NULL, 47, 41, '', 0),
(783, 'Lot 51', 0, 0, NULL, 47, 84, '', 0),
(784, 'Lot 1', 0, 0, NULL, 48, 51, '', 0),
(785, 'Lot 2', 0, 0, NULL, 48, 51, '', 0),
(786, 'Lot 3', 0, 0, NULL, 48, 41, '', 0),
(787, 'Lot 4', 0, 0, NULL, 48, 41, '', 0),
(788, 'Lot 5', 0, 0, NULL, 48, 41, '', 0),
(789, 'Lot 6', 0, 0, NULL, 48, 41, '', 0),
(790, 'Lot 7', 0, 0, NULL, 48, 41, '', 0),
(791, 'Lot 8', 0, 0, NULL, 48, 41, '', 0),
(792, 'Lot 9', 0, 0, NULL, 48, 41, '', 0),
(793, 'Lot 10', 0, 0, NULL, 48, 56, '', 0),
(794, 'Lot 11', 0, 0, NULL, 48, 56, '', 0),
(795, 'Lot 12', 0, 0, NULL, 48, 41, '', 0),
(796, 'Lot 13', 0, 0, NULL, 48, 41, '', 0),
(797, 'Lot 14', 0, 0, NULL, 48, 41, '', 0),
(798, 'Lot 15', 0, 0, NULL, 48, 66, '', 0),
(799, 'Lot 16', 0, 0, NULL, 48, 73, '', 0),
(800, 'Lot 17', 0, 0, NULL, 48, 56, '', 0),
(801, 'Lot 18', 0, 0, NULL, 48, 56, '', 0),
(802, 'Lot 19', 0, 0, NULL, 48, 41, '', 0),
(803, 'Lot 20', 0, 0, NULL, 48, 41, '', 0),
(804, 'Lot 21', 0, 0, NULL, 48, 41, '', 0),
(805, 'Lot 22', 0, 0, NULL, 48, 41, '', 0),
(806, 'Lot 23', 0, 0, NULL, 48, 41, '', 0),
(807, 'Lot 24', 0, 0, NULL, 48, 41, '', 0),
(808, 'Lot 25', 0, 0, NULL, 48, 41, '', 0),
(809, 'Lot 26', 0, 0, NULL, 48, 41, '', 0),
(810, 'Lot 27', 0, 0, NULL, 48, 51, '', 0),
(811, 'Lot 1', 0, 0, NULL, 49, 58, '', 0),
(812, 'Lot 2', 0, 0, NULL, 49, 41, '', 0),
(813, 'Lot 3', 0, 0, NULL, 49, 41, '', 0),
(814, 'Lot 4', 0, 0, NULL, 49, 41, '', 0),
(815, 'Lot 5', 0, 0, NULL, 49, 41, '', 0),
(816, 'Lot 6', 0, 0, NULL, 49, 41, '', 0),
(817, 'Lot 7', 0, 0, NULL, 49, 56, '', 0),
(818, 'Lot 8', 0, 0, NULL, 49, 56, '', 0),
(819, 'Lot 9', 0, 0, NULL, 49, 41, '', 0),
(820, 'Lot 10', 0, 0, NULL, 49, 41, '', 0),
(821, 'Lot 11', 0, 0, NULL, 49, 41, '', 0),
(822, 'Lot 12', 0, 0, NULL, 49, 41, '', 0),
(823, 'Lot 13', 0, 0, NULL, 49, 41, '', 0),
(824, 'Lot 14', 0, 0, NULL, 49, 41, '', 0),
(825, 'Lot 15', 0, 0, NULL, 49, 41, '', 0),
(826, 'Lot 16', 0, 0, NULL, 49, 41, '', 0),
(827, 'Lot 17', 0, 0, NULL, 49, 51, '', 0),
(828, 'Lot 18', 0, 0, NULL, 49, 51, '', 0),
(829, 'Lot 19', 0, 0, NULL, 49, 41, '', 0),
(830, 'Lot 20', 0, 0, NULL, 49, 41, '', 0),
(831, 'Lot 21', 0, 0, NULL, 49, 41, '', 0),
(832, 'Lot 22', 0, 0, NULL, 49, 41, '', 0),
(833, 'Lot 23', 0, 0, NULL, 49, 41, '', 0),
(834, 'Lot 24', 0, 0, NULL, 49, 41, '', 0),
(835, 'Lot 25', 0, 0, NULL, 49, 41, '', 0),
(836, 'Lot 26', 0, 0, NULL, 49, 41, '', 0),
(837, 'Lot 27', 0, 0, NULL, 49, 56, '', 0),
(838, 'Lot 28', 0, 0, NULL, 49, 56, '', 0),
(839, 'Lot 29', 0, 0, NULL, 49, 41, '', 0),
(840, 'Lot 30', 0, 0, NULL, 49, 41, '', 0),
(841, 'Lot 31', 0, 0, NULL, 49, 41, '', 0),
(842, 'Lot 32', 0, 0, NULL, 49, 41, '', 0),
(843, 'Lot 33', 0, 0, NULL, 49, 41, '', 0),
(844, 'Lot 34', 0, 0, NULL, 49, 64, '', 0),
(845, 'Lot 1', 0, 0, NULL, 50, 65, '', 0),
(846, 'Lot 2', 0, 0, NULL, 50, 41, '', 0),
(847, 'Lot 3', 0, 0, NULL, 50, 41, '', 0),
(848, 'Lot 4', 0, 0, NULL, 50, 41, '', 0),
(849, 'Lot 5', 0, 0, NULL, 50, 41, '', 0),
(850, 'Lot 6', 0, 0, NULL, 50, 41, '', 0),
(851, 'Lot 7', 0, 0, NULL, 50, 41, '', 0),
(852, 'Lot 8', 0, 0, NULL, 50, 41, '', 0),
(853, 'Lot 9', 0, 0, NULL, 50, 41, '', 0),
(854, 'Lot 10', 0, 0, NULL, 50, 56, '', 0),
(855, 'Lot 11', 0, 0, NULL, 50, 56, '', 0),
(856, 'Lot 12', 0, 0, NULL, 50, 41, '', 0),
(857, 'Lot 13', 0, 0, NULL, 50, 41, '', 0),
(858, 'Lot 14', 0, 0, NULL, 50, 41, '', 0),
(859, 'Lot 15', 0, 0, NULL, 50, 41, '', 0),
(860, 'Lot 16', 0, 0, NULL, 50, 73, '', 0),
(861, 'Lot 17', 0, 0, NULL, 50, 72, '', 0),
(862, 'Lot 18', 0, 0, NULL, 50, 41, '', 0),
(863, 'Lot 19', 0, 0, NULL, 50, 41, '', 0),
(864, 'Lot 20', 0, 0, NULL, 50, 41, '', 0),
(865, 'Lot 21', 0, 0, NULL, 50, 41, '', 0),
(866, 'Lot 22', 0, 0, NULL, 50, 56, '', 0),
(867, 'Lot 23', 0, 0, NULL, 50, 56, '', 0),
(868, 'Lot 24', 0, 0, NULL, 50, 41, '', 0),
(869, 'Lot 25', 0, 0, NULL, 50, 41, '', 0),
(870, 'Lot 26', 0, 0, NULL, 50, 41, '', 0),
(871, 'Lot 27', 0, 0, NULL, 50, 41, '', 0),
(872, 'Lot 28', 0, 0, NULL, 50, 41, '', 0),
(873, 'Lot 29', 0, 0, NULL, 50, 41, '', 0),
(874, 'Lot 30', 0, 0, NULL, 50, 41, '', 0),
(875, 'Lot 31', 0, 0, NULL, 50, 115, '', 0),
(876, 'Lot 32', 0, 0, NULL, 50, 41, '', 0),
(877, 'Lot 1', 0, 0, NULL, 51, 65, '', 0),
(878, 'Lot 2', 0, 0, NULL, 51, 41, '', 0),
(879, 'Lot 3', 0, 0, NULL, 51, 41, '', 0),
(880, 'Lot 4', 0, 0, NULL, 51, 41, '', 0),
(881, 'Lot 5', 0, 0, NULL, 51, 41, '', 0),
(882, 'Lot 6', 0, 0, NULL, 51, 41, '', 0),
(883, 'Lot 7', 0, 0, NULL, 51, 41, '', 0),
(884, 'Lot 8', 0, 0, NULL, 51, 41, '', 0),
(885, 'Lot 9', 0, 0, NULL, 51, 41, '', 0),
(886, 'Lot 10', 0, 0, NULL, 51, 56, '', 0),
(887, 'Lot 11', 0, 0, NULL, 51, 56, '', 0),
(888, 'Lot 12', 0, 0, NULL, 51, 41, '', 0),
(889, 'Lot 13', 0, 0, NULL, 51, 41, '', 0),
(890, 'Lot 14', 0, 0, NULL, 51, 41, '', 0),
(891, 'Lot 15', 0, 0, NULL, 51, 41, '', 0),
(892, 'Lot 16', 0, 0, NULL, 51, 41, '', 0),
(893, 'Lot 17', 0, 0, NULL, 51, 41, '', 0),
(894, 'Lot 18', 0, 0, NULL, 51, 41, '', 0),
(895, 'Lot 19', 0, 0, NULL, 51, 41, '', 0),
(896, 'Lot 20', 0, 0, NULL, 51, 49, '', 0),
(897, 'Lot 21', 0, 0, NULL, 51, 51, '', 0),
(898, 'Lot 22', 0, 0, NULL, 51, 41, '', 0),
(899, 'Lot 23', 0, 0, NULL, 51, 41, '', 0),
(900, 'Lot 24', 0, 0, NULL, 51, 41, '', 0),
(901, 'Lot 25', 0, 0, NULL, 51, 41, '', 0),
(902, 'Lot 26', 0, 0, NULL, 51, 41, '', 0),
(903, 'Lot 27', 0, 0, NULL, 51, 41, '', 0),
(904, 'Lot 28', 0, 0, NULL, 51, 41, '', 0),
(905, 'Lot 29', 0, 0, NULL, 51, 41, '', 0),
(906, 'Lot 30', 0, 0, NULL, 51, 56, '', 0),
(907, 'Lot 31', 0, 0, NULL, 51, 56, '', 0),
(908, 'Lot 32', 0, 0, NULL, 51, 41, '', 0),
(909, 'Lot 33', 0, 0, NULL, 51, 41, '', 0),
(910, 'Lot 34', 0, 0, NULL, 51, 41, '', 0),
(911, 'Lot 35', 0, 0, NULL, 51, 41, '', 0),
(912, 'Lot 36', 0, 0, NULL, 51, 41, '', 0),
(913, 'Lot 37', 0, 0, NULL, 51, 41, '', 0),
(914, 'Lot 38', 0, 0, NULL, 51, 41, '', 0),
(915, 'Lot 39', 0, 0, NULL, 51, 41, '', 0),
(916, 'Lot 40', 0, 0, NULL, 51, 115, '', 0),
(917, 'Lot 1', 0, 0, NULL, 52, 65, '', 0),
(918, 'Lot 2', 0, 0, NULL, 52, 41, '', 0),
(919, 'Lot 3', 0, 0, NULL, 52, 41, '', 0),
(920, 'Lot 4', 0, 0, NULL, 52, 41, '', 0),
(921, 'Lot 5', 0, 0, NULL, 52, 41, '', 0),
(922, 'Lot 6', 0, 0, NULL, 52, 41, '', 0),
(923, 'Lot 7', 0, 0, NULL, 52, 41, '', 0),
(924, 'Lot 8', 0, 0, NULL, 52, 41, '', 0),
(925, 'Lot 9', 0, 0, NULL, 52, 41, '', 0),
(926, 'Lot 10', 0, 0, NULL, 52, 56, '', 0),
(927, 'Lot 11', 0, 0, NULL, 52, 56, '', 0),
(928, 'Lot 12', 0, 0, NULL, 52, 41, '', 0),
(929, 'Lot 13', 0, 0, NULL, 52, 41, '', 0),
(930, 'Lot 14', 0, 0, NULL, 52, 41, '', 0),
(931, 'Lot 15', 0, 0, NULL, 52, 41, '', 0),
(932, 'Lot 16', 0, 0, NULL, 52, 41, '', 0),
(933, 'Lot 17', 0, 0, NULL, 52, 41, '', 0),
(934, 'Lot 18', 0, 0, NULL, 52, 41, '', 0),
(935, 'Lot 19', 0, 0, NULL, 52, 41, '', 0),
(936, 'Lot 20', 0, 0, NULL, 52, 56, '', 0),
(937, 'Lot 21', 0, 0, NULL, 52, 56, '', 0),
(938, 'Lot 22', 0, 0, NULL, 52, 79, '', 0),
(939, 'Lot 23', 0, 0, NULL, 52, 81, '', 0),
(940, 'Lot 24', 0, 0, NULL, 52, 56, '', 0),
(941, 'Lot 25', 0, 0, NULL, 52, 56, '', 0),
(942, 'Lot 26', 0, 0, NULL, 52, 41, '', 0),
(943, 'Lot 27', 0, 0, NULL, 52, 41, '', 0),
(944, 'Lot 28', 0, 0, NULL, 52, 41, '', 0),
(945, 'Lot 29', 0, 0, NULL, 52, 41, '', 0),
(946, 'Lot 30', 0, 0, NULL, 52, 41, '', 0),
(947, 'Lot 31', 0, 0, NULL, 52, 41, '', 0),
(948, 'Lot 32', 0, 0, NULL, 52, 41, '', 0),
(949, 'Lot 33', 0, 0, NULL, 52, 41, '', 0),
(950, 'Lot 34', 0, 0, NULL, 52, 56, '', 0),
(951, 'Lot 35', 0, 0, NULL, 52, 56, '', 0),
(952, 'Lot 36', 0, 0, NULL, 52, 41, '', 0),
(953, 'Lot 37', 0, 0, NULL, 52, 41, '', 0),
(954, 'Lot 38', 0, 0, NULL, 52, 41, '', 0),
(955, 'Lot 39', 0, 0, NULL, 52, 41, '', 0),
(956, 'Lot 40', 0, 0, NULL, 52, 41, '', 0),
(957, 'Lot 41', 0, 0, NULL, 52, 41, '', 0),
(958, 'Lot 42', 0, 0, NULL, 52, 41, '', 0),
(959, 'Lot 43', 0, 0, NULL, 52, 115, '', 0),
(960, 'Lot 1', 0, 0, NULL, 53, 65, '', 0),
(961, 'Lot 2', 0, 0, NULL, 53, 41, '', 0),
(962, 'Lot 3', 0, 0, NULL, 53, 41, '', 0),
(963, 'Lot 4', 0, 0, NULL, 53, 41, '', 0),
(964, 'Lot 5', 0, 0, NULL, 53, 41, '', 0),
(965, 'Lot 6', 0, 0, NULL, 53, 41, '', 0),
(966, 'Lot 7', 0, 0, NULL, 53, 41, '', 0),
(967, 'Lot 8', 0, 0, NULL, 53, 41, '', 0),
(968, 'Lot 9', 0, 0, NULL, 53, 56, '', 0),
(969, 'Lot 10', 0, 0, NULL, 53, 56, '', 0),
(970, 'Lot 11', 0, 0, NULL, 53, 41, '', 0),
(971, 'Lot 12', 0, 0, NULL, 53, 41, '', 0),
(972, 'Lot 13', 0, 0, NULL, 53, 41, '', 0),
(973, 'Lot 14', 0, 0, NULL, 53, 41, '', 0),
(974, 'Lot 15', 0, 0, NULL, 53, 41, '', 0),
(975, 'Lot 16', 0, 0, NULL, 53, 41, '', 0),
(976, 'Lot 17', 0, 0, NULL, 53, 41, '', 0),
(977, 'Lot 18', 0, 0, NULL, 53, 41, '', 0),
(978, 'Lot 19', 0, 0, NULL, 53, 56, '', 0),
(979, 'Lot 20', 0, 0, NULL, 53, 56, '', 0),
(980, 'Lot 21', 0, 0, NULL, 53, 41, '', 0),
(981, 'Lot 22', 0, 0, NULL, 53, 41, '', 0),
(982, 'Lot 23', 0, 0, NULL, 53, 41, '', 0),
(983, 'Lot 24', 0, 0, NULL, 53, 41, '', 0),
(984, 'Lot 25', 0, 0, NULL, 53, 41, '', 0),
(985, 'Lot 26', 0, 0, NULL, 53, 58, '', 0),
(986, 'Lot 27', 0, 0, NULL, 53, 59, '', 0),
(987, 'Lot 28', 0, 0, NULL, 53, 41, '', 0),
(988, 'Lot 29', 0, 0, NULL, 53, 41, '', 0),
(989, 'Lot 30', 0, 0, NULL, 53, 41, '', 0),
(990, 'Lot 31', 0, 0, NULL, 53, 41, '', 0),
(991, 'Lot 32', 0, 0, NULL, 53, 56, '', 0),
(992, 'Lot 33', 0, 0, NULL, 53, 56, '', 0),
(993, 'Lot 34', 0, 0, NULL, 53, 41, '', 0),
(994, 'Lot 35', 0, 0, NULL, 53, 41, '', 0),
(995, 'Lot 36', 0, 0, NULL, 53, 41, '', 0),
(996, 'Lot 37', 0, 0, NULL, 53, 41, '', 0),
(997, 'Lot 38', 0, 0, NULL, 53, 41, '', 0),
(998, 'Lot 39', 0, 0, NULL, 53, 41, '', 0),
(999, 'Lot 40', 0, 0, NULL, 53, 41, '', 0),
(1000, 'Lot 41', 0, 0, NULL, 53, 41, '', 0),
(1001, 'Lot 42', 0, 0, NULL, 53, 56, '', 0),
(1002, 'Lot 43', 0, 0, NULL, 53, 56, '', 0),
(1003, 'Lot 44', 0, 0, NULL, 53, 41, '', 0),
(1004, 'Lot 45', 0, 0, NULL, 53, 41, '', 0),
(1005, 'Lot 46', 0, 0, NULL, 53, 41, '', 0),
(1006, 'Lot 47', 0, 0, NULL, 53, 41, '', 0),
(1007, 'Lot 48', 0, 0, NULL, 53, 41, '', 0),
(1008, 'Lot 49', 0, 0, NULL, 53, 41, '', 0),
(1009, 'Lot 50', 0, 0, NULL, 53, 41, '', 0),
(1010, 'Lot 51', 0, 0, NULL, 53, 41, '', 0),
(1011, 'Lot 52', 0, 0, NULL, 53, 115, '', 0),
(1012, 'Lot 1', 0, 0, NULL, 54, 65, '', 0),
(1013, 'Lot 2', 0, 0, NULL, 54, 41, '', 0),
(1014, 'Lot 3', 0, 0, NULL, 54, 41, '', 0),
(1015, 'Lot 4', 0, 0, NULL, 54, 41, '', 0),
(1016, 'Lot 5', 0, 0, NULL, 54, 41, '', 0),
(1017, 'Lot 6', 0, 0, NULL, 54, 41, '', 0),
(1018, 'Lot 7', 0, 0, NULL, 54, 41, '', 0),
(1019, 'Lot 8', 0, 0, NULL, 54, 41, '', 0),
(1020, 'Lot 9', 0, 0, NULL, 54, 41, '', 0),
(1021, 'Lot 10', 0, 0, NULL, 54, 41, '', 0),
(1022, 'Lot 11', 0, 0, NULL, 54, 56, '', 0),
(1023, 'Lot 12', 0, 0, NULL, 54, 56, '', 0),
(1024, 'Lot 13', 0, 0, NULL, 54, 41, '', 0),
(1025, 'Lot 14', 0, 0, NULL, 54, 41, '', 0),
(1026, 'Lot 15', 0, 0, NULL, 54, 41, '', 0),
(1027, 'Lot 16', 0, 0, NULL, 54, 41, '', 0),
(1028, 'Lot 17', 0, 0, NULL, 54, 41, '', 0),
(1029, 'Lot 18', 0, 0, NULL, 54, 41, '', 0),
(1030, 'Lot 19', 0, 0, NULL, 54, 41, '', 0),
(1031, 'Lot 20', 0, 0, NULL, 54, 41, '', 0),
(1032, 'Lot 21', 0, 0, NULL, 54, 56, '', 0),
(1033, 'Lot 22', 0, 0, NULL, 54, 56, '', 0),
(1034, 'Lot 23', 0, 0, NULL, 54, 41, '', 0),
(1035, 'Lot 24', 0, 0, NULL, 54, 41, '', 0),
(1036, 'Lot 25', 0, 0, NULL, 54, 41, '', 0),
(1037, 'Lot 26', 0, 0, NULL, 54, 41, '', 0),
(1038, 'Lot 27', 0, 0, NULL, 54, 41, '', 0),
(1039, 'Lot 28', 0, 0, NULL, 51, 41, '', 0),
(1040, 'Lot 29', 0, 0, NULL, 54, 41, '', 0),
(1041, 'Lot 30', 0, 0, NULL, 54, 77, '', 0),
(1042, 'Lot 31', 0, 0, NULL, 54, 79, '', 0),
(1043, 'Lot 32', 0, 0, NULL, 54, 41, '', 0),
(1044, 'Lot 33', 0, 0, NULL, 54, 41, '', 0),
(1045, 'Lot 34', 0, 0, NULL, 54, 41, '', 0),
(1046, 'Lot 35', 0, 0, NULL, 54, 41, '', 0),
(1047, 'Lot 36', 0, 0, NULL, 54, 41, '', 0),
(1048, 'Lot 37', 0, 0, NULL, 54, 41, '', 0),
(1049, 'Lot 38', 0, 0, NULL, 54, 41, '', 0),
(1050, 'Lot 39', 0, 0, NULL, 54, 56, '', 0),
(1051, 'Lot 40', 0, 0, NULL, 54, 56, '', 0),
(1052, 'Lot 41', 0, 0, NULL, 54, 41, '', 0),
(1053, 'Lot 42', 0, 0, NULL, 54, 41, '', 0),
(1054, 'Lot 43', 0, 0, NULL, 54, 41, '', 0),
(1055, 'Lot 44', 0, 0, NULL, 54, 41, '', 0),
(1056, 'Lot 45', 0, 0, NULL, 54, 41, '', 0),
(1057, 'Lot 46', 0, 0, NULL, 54, 41, '', 0),
(1058, 'Lot 47', 0, 0, NULL, 54, 41, '', 0),
(1059, 'Lot 48', 0, 0, NULL, 54, 41, '', 0),
(1060, 'Lot 49', 0, 0, NULL, 54, 56, '', 0),
(1061, 'Lot 50', 0, 0, NULL, 54, 56, '', 0),
(1062, 'Lot 51', 0, 0, NULL, 54, 41, '', 0),
(1063, 'Lot 52', 0, 0, NULL, 54, 41, '', 0),
(1064, 'Lot 53', 0, 0, NULL, 54, 41, '', 0),
(1065, 'Lot 54', 0, 0, NULL, 54, 41, '', 0),
(1066, 'Lot 55', 0, 0, NULL, 54, 41, '', 0),
(1067, 'Lot 56', 0, 0, NULL, 54, 41, '', 0),
(1068, 'Lot 57', 0, 0, NULL, 54, 41, '', 0),
(1069, 'Lot 58', 0, 0, NULL, 54, 41, '', 0),
(1070, 'Lot 59', 0, 0, NULL, 54, 115, '', 0),
(1071, 'Lot 1', 0, 0, NULL, 55, 65, '', 0),
(1072, 'Lot 2', 0, 0, NULL, 55, 41, '', 0),
(1073, 'Lot 3', 0, 0, NULL, 55, 41, '', 0),
(1074, 'Lot 4', 0, 0, NULL, 55, 41, '', 0),
(1075, 'Lot 5', 0, 0, NULL, 55, 41, '', 0),
(1076, 'Lot 6', 0, 0, NULL, 55, 41, '', 0),
(1077, 'Lot 7', 0, 0, NULL, 55, 41, '', 0),
(1078, 'Lot 8', 0, 0, NULL, 55, 41, '', 0),
(1079, 'Lot 9', 0, 0, NULL, 55, 56, '', 0),
(1080, 'Lot 10', 0, 0, NULL, 55, 56, '', 0),
(1081, 'Lot 11', 0, 0, NULL, 55, 41, '', 0),
(1082, 'Lot 12', 0, 0, NULL, 55, 41, '', 0),
(1083, 'Lot 13', 0, 0, NULL, 55, 41, '', 0),
(1084, 'Lot 14', 0, 0, NULL, 55, 41, '', 0),
(1085, 'Lot 15', 0, 0, NULL, 55, 41, '', 0),
(1086, 'Lot 16', 0, 0, NULL, 55, 41, '', 0),
(1087, 'Lot 17', 0, 0, NULL, 55, 41, '', 0),
(1088, 'Lot 18', 0, 0, NULL, 55, 41, '', 0),
(1089, 'Lot 19', 0, 0, NULL, 55, 56, '', 0),
(1090, 'Lot 20', 0, 0, NULL, 55, 56, '', 0),
(1091, 'Lot 21', 0, 0, NULL, 55, 41, '', 0),
(1092, 'Lot 22', 0, 0, NULL, 55, 41, '', 0),
(1093, 'Lot 23', 0, 0, NULL, 55, 41, '', 0),
(1094, 'Lot 24', 0, 0, NULL, 55, 41, '', 0),
(1095, 'Lot 25', 0, 0, NULL, 55, 41, '', 0),
(1096, 'Lot 26', 0, 0, NULL, 55, 41, '', 0),
(1097, 'Lot 27', 0, 0, NULL, 55, 41, '', 0),
(1098, 'Lot 28', 0, 0, NULL, 55, 41, '', 0),
(1099, 'Lot 29', 0, 0, NULL, 55, 41, '', 0),
(1100, 'Lot 30', 0, 0, NULL, 55, 56, '', 0),
(1101, 'Lot 31', 0, 0, NULL, 55, 56, '', 0),
(1102, 'Lot 32', 0, 0, NULL, 55, 66, '', 0),
(1103, 'Lot 33', 0, 0, NULL, 55, 67, '', 0),
(1104, 'Lot 34', 0, 0, NULL, 55, 56, '', 0),
(1105, 'Lot 35', 0, 0, NULL, 55, 56, '', 0),
(1106, 'Lot 36', 0, 0, NULL, 55, 41, '', 0),
(1107, 'Lot 37', 0, 0, NULL, 55, 41, '', 0),
(1108, 'Lot 38', 0, 0, NULL, 55, 41, '', 0),
(1109, 'Lot 39', 0, 0, NULL, 55, 41, '', 0),
(1110, 'Lot 40', 0, 0, NULL, 55, 41, '', 0),
(1111, 'Lot 41', 0, 0, NULL, 55, 41, '', 0),
(1112, 'Lot 42', 0, 0, NULL, 55, 41, '', 0),
(1113, 'Lot 43', 0, 0, NULL, 55, 41, '', 0),
(1114, 'Lot 44', 0, 0, NULL, 55, 56, '', 0),
(1115, 'Lot 45', 0, 0, NULL, 55, 56, '', 0),
(1116, 'Lot 46', 0, 0, NULL, 55, 41, '', 0),
(1117, 'Lot 47', 0, 0, NULL, 55, 41, '', 0),
(1118, 'Lot 48', 0, 0, NULL, 55, 41, '', 0),
(1119, 'Lot 49', 0, 0, NULL, 55, 41, '', 0),
(1120, 'Lot 50', 0, 0, NULL, 55, 41, '', 0),
(1121, 'Lot 51', 0, 0, NULL, 55, 41, '', 0),
(1122, 'Lot 52', 0, 0, NULL, 55, 41, '', 0),
(1123, 'Lot 53', 0, 0, NULL, 55, 41, '', 0),
(1124, 'Lot 54', 0, 0, NULL, 55, 56, '', 0),
(1125, 'Lot 55', 0, 0, NULL, 55, 56, '', 0),
(1126, 'Lot 56', 0, 0, NULL, 55, 41, '', 0),
(1127, 'Lot 57', 0, 0, NULL, 55, 41, '', 0),
(1128, 'Lot 58', 0, 0, NULL, 55, 41, '', 0),
(1129, 'Lot 59', 0, 0, NULL, 55, 41, '', 0),
(1130, 'Lot 60', 0, 0, NULL, 55, 41, '', 0),
(1131, 'Lot 61', 0, 0, NULL, 55, 41, '', 0),
(1132, 'Lot 62', 0, 0, NULL, 55, 41, '', 0),
(1133, 'Lot 63', 0, 0, NULL, 55, 41, '', 0),
(1134, 'Lot 64', 0, 0, NULL, 55, 102, '', 0),
(1135, 'Lot 1', 0, 0, NULL, 56, 41, '', 0),
(1136, 'Lot 2', 0, 0, NULL, 56, 41, '', 0),
(1137, 'Lot 3', 0, 0, NULL, 56, 41, '', 0),
(1138, 'Lot 4', 0, 0, NULL, 56, 41, '', 0),
(1139, 'Lot 5', 0, 0, NULL, 56, 41, '', 0),
(1140, 'Lot 6', 0, 0, NULL, 56, 41, '', 0),
(1141, 'Lot 7', 0, 0, NULL, 56, 41, '', 0),
(1142, 'Lot 8', 0, 0, NULL, 56, 41, '', 0),
(1143, 'Lot 9', 0, 0, NULL, 56, 41, '', 0),
(1144, 'Lot 10', 0, 0, NULL, 56, 41, '', 0),
(1145, 'Lot 11', 0, 0, NULL, 56, 41, '', 0),
(1146, 'Lot 12', 0, 0, NULL, 56, 41, '', 0),
(1147, 'Lot 13', 0, 0, NULL, 56, 41, '', 0),
(1148, 'Lot 14', 0, 0, NULL, 56, 41, '', 0),
(1149, 'Lot 15', 0, 0, NULL, 56, 41, '', 0),
(1150, 'Lot 16', 0, 0, NULL, 56, 41, '', 0),
(1151, 'Lot 17', 0, 0, NULL, 56, 41, '', 0),
(1152, 'Lot 18', 0, 0, NULL, 56, 41, '', 0),
(1153, 'Lot 19', 0, 0, NULL, 56, 41, '', 0),
(1154, 'Lot 20', 0, 0, NULL, 56, 41, '', 0),
(1155, 'Lot 21', 0, 0, NULL, 56, 41, '', 0),
(1156, 'Lot 22', 0, 0, NULL, 56, 41, '', 0),
(1157, 'Lot 23', 0, 0, NULL, 56, 41, '', 0),
(1158, 'Lot 24', 0, 0, NULL, 56, 41, '', 0),
(1159, 'Lot 25', 0, 0, NULL, 56, 41, '', 0),
(1160, 'Lot 26', 0, 0, NULL, 56, 41, '', 0),
(1161, 'Lot 27', 0, 0, NULL, 56, 41, '', 0),
(1162, 'Lot 28', 0, 0, NULL, 56, 41, '', 0),
(1163, 'Lot 29', 0, 0, NULL, 56, 41, '', 0),
(1164, 'Lot 30', 0, 0, NULL, 56, 41, '', 0),
(1165, 'Lot 31', 0, 0, NULL, 56, 41, '', 0),
(1166, 'Lot 32', 0, 0, NULL, 56, 41, '', 0),
(1167, 'Lot 33', 0, 0, NULL, 56, 41, '', 0),
(1168, 'Lot 34', 0, 0, NULL, 56, 41, '', 0),
(1169, 'Lot 35', 0, 0, NULL, 56, 41, '', 0),
(1170, 'Lot 36', 0, 0, NULL, 56, 41, '', 0),
(1171, 'Lot 37', 0, 0, NULL, 56, 41, '', 0),
(1172, 'Lot 38', 0, 0, NULL, 56, 41, '', 0),
(1173, 'Lot 39', 0, 0, NULL, 56, 41, '', 0),
(1174, 'Lot 40', 0, 0, NULL, 56, 41, '', 0),
(1175, 'Lot 41', 0, 0, NULL, 56, 41, '', 0),
(1176, 'Lot 42', 0, 0, NULL, 56, 41, '', 0),
(1177, 'Lot 43', 0, 0, NULL, 56, 41, '', 0),
(1178, 'Lot 44', 0, 0, NULL, 56, 41, '', 0),
(1179, 'Lot 45', 0, 0, NULL, 56, 41, '', 0),
(1180, 'Lot 46', 0, 0, NULL, 56, 41, '', 0),
(1181, 'Lot 47', 0, 0, NULL, 56, 41, '', 0),
(1182, 'Lot 48', 0, 0, NULL, 56, 41, '', 0),
(1183, 'Lot 49', 0, 0, NULL, 56, 41, '', 0),
(1184, 'Lot 50', 0, 0, NULL, 56, 41, '', 0),
(1185, 'Lot 51', 0, 0, NULL, 56, 41, '', 0),
(1186, 'Lot 52', 0, 0, NULL, 56, 41, '', 0),
(1187, 'Lot 53', 0, 0, NULL, 56, 41, '', 0),
(1188, 'Lot 54', 0, 0, NULL, 56, 41, '', 0),
(1189, 'Lot 55', 0, 0, NULL, 56, 41, '', 0),
(1190, 'Lot 56', 0, 0, NULL, 56, 41, '', 0),
(1191, 'Lot 57', 0, 0, NULL, 56, 41, '', 0),
(1192, 'Lot 58', 0, 0, NULL, 56, 41, '', 0),
(1193, 'Lot 59', 0, 0, NULL, 56, 41, '', 0),
(1194, 'Lot 60', 0, 0, NULL, 56, 41, '', 0),
(1195, 'Lot 61', 0, 0, NULL, 56, 41, '', 0),
(1196, 'Lot 62', 0, 0, NULL, 56, 41, '', 0),
(1197, 'Lot 63', 0, 0, NULL, 56, 41, '', 0),
(1198, 'Lot 64', 0, 0, NULL, 56, 41, '', 0),
(1199, 'Lot 65', 0, 0, NULL, 56, 41, '', 0),
(1200, 'Lot 66', 0, 0, NULL, 56, 41, '', 0),
(1201, 'Lot 67', 0, 0, NULL, 56, 41, '', 0),
(1202, 'Lot 68', 0, 0, NULL, 56, 41, '', 0),
(1203, 'Lot 1', 0, 0, NULL, 57, 41, '', 0),
(1204, 'Lot 2', 0, 0, NULL, 57, 41, '', 0),
(1205, 'Lot 3', 0, 0, NULL, 57, 41, '', 0),
(1206, 'Lot 4', 0, 0, NULL, 57, 41, '', 0),
(1207, 'Lot 5', 0, 0, NULL, 57, 41, '', 0),
(1208, 'Lot 6', 0, 0, NULL, 57, 41, '', 0),
(1209, 'Lot 7', 0, 0, NULL, 57, 41, '', 0),
(1210, 'Lot 8', 0, 0, NULL, 57, 41, '', 0),
(1211, 'Lot 9', 0, 0, NULL, 57, 41, '', 0),
(1212, 'Lot 10', 0, 0, NULL, 57, 41, '', 0),
(1213, 'Lot 11', 0, 0, NULL, 57, 41, '', 0),
(1214, 'Lot 12', 0, 0, NULL, 57, 41, '', 0),
(1215, 'Lot 13', 0, 0, NULL, 57, 41, '', 0),
(1216, 'Lot 14', 0, 0, NULL, 57, 41, '', 0),
(1217, 'Lot 15', 0, 0, NULL, 57, 41, '', 0),
(1218, 'Lot 16', 0, 0, NULL, 57, 41, '', 0),
(1219, 'Lot 17', 0, 0, NULL, 57, 41, '', 0),
(1220, 'Lot 18', 0, 0, NULL, 57, 41, '', 0),
(1221, 'Lot 19', 0, 0, NULL, 57, 41, '', 0),
(1222, 'Lot 20', 0, 0, NULL, 57, 41, '', 0),
(1223, 'Lot 21', 0, 0, NULL, 57, 41, '', 0),
(1224, 'Lot 22', 0, 0, NULL, 57, 41, '', 0),
(1225, 'Lot 23', 0, 0, NULL, 57, 41, '', 0),
(1226, 'Lot 24', 0, 0, NULL, 57, 41, '', 0),
(1227, 'Lot 25', 0, 0, NULL, 57, 41, '', 0),
(1228, 'Lot 26', 0, 0, NULL, 57, 41, '', 0),
(1229, 'Lot 27', 0, 0, NULL, 57, 41, '', 0),
(1230, 'Lot 28', 0, 0, NULL, 57, 41, '', 0),
(1231, 'Lot 29', 0, 0, NULL, 57, 41, '', 0),
(1232, 'Lot 30', 0, 0, NULL, 57, 41, '', 0),
(1233, 'Lot 31', 0, 0, NULL, 57, 41, '', 0),
(1234, 'Lot 32', 0, 0, NULL, 57, 41, '', 0),
(1235, 'Lot 33', 0, 0, NULL, 57, 41, '', 0),
(1236, 'Lot 34', 0, 0, NULL, 57, 41, '', 0),
(1237, 'Lot 35', 0, 0, NULL, 57, 41, '', 0),
(1238, 'Lot 36', 0, 0, NULL, 57, 41, '', 0),
(1239, 'Lot 37', 0, 0, NULL, 57, 41, '', 0),
(1240, 'Lot 38', 0, 0, NULL, 57, 41, '', 0),
(1241, 'Lot 39', 0, 0, NULL, 57, 41, '', 0),
(1242, 'Lot 40', 0, 0, NULL, 57, 41, '', 0),
(1243, 'Lot 1', 0, 0, NULL, 58, 41, '', 0),
(1244, 'Lot 2', 0, 0, NULL, 58, 41, '', 0),
(1245, 'Lot 3', 0, 0, NULL, 58, 41, '', 0),
(1246, 'Lot 4', 0, 0, NULL, 58, 41, '', 0),
(1247, 'Lot 5', 0, 0, NULL, 58, 41, '', 0),
(1248, 'Lot 6', 0, 0, NULL, 58, 41, '', 0),
(1249, 'Lot 7', 0, 0, NULL, 58, 41, '', 0),
(1250, 'Lot 8', 0, 0, NULL, 58, 41, '', 0),
(1251, 'Lot 9', 0, 0, NULL, 58, 41, '', 0),
(1252, 'Lot 10', 0, 0, NULL, 58, 41, '', 0),
(1253, 'Lot 11', 0, 0, NULL, 58, 41, '', 0),
(1254, 'Lot 12', 0, 0, NULL, 58, 41, '', 0),
(1255, 'Lot 13', 0, 0, NULL, 58, 41, '', 0),
(1256, 'Lot 14', 0, 0, NULL, 58, 41, '', 0),
(1257, 'Lot 15', 0, 0, NULL, 58, 41, '', 0),
(1258, 'Lot 16', 0, 0, NULL, 58, 41, '', 0),
(1259, 'Lot 1', 0, 0, NULL, 59, 61, '', 0),
(1260, 'Lot 2', 0, 0, NULL, 59, 41, '', 0),
(1261, 'Lot 3', 0, 0, NULL, 59, 41, '', 0),
(1262, 'Lot 4', 0, 0, NULL, 59, 87, '', 0),
(1263, 'Lot 1', 0, 0, NULL, 60, 41, '', 0),
(1264, 'Lot 2', 0, 0, NULL, 60, 41, '', 0),
(1265, 'Lot 3', 0, 0, NULL, 60, 41, '', 0),
(1266, 'Lot 4', 0, 0, NULL, 60, 41, '', 0),
(1267, 'Lot 5', 0, 0, NULL, 60, 41, '', 0),
(1268, 'Lot 6', 0, 0, NULL, 60, 41, '', 0),
(1269, 'Lot 7', 0, 0, NULL, 60, 41, '', 0),
(1270, 'Lot 8', 0, 0, NULL, 60, 41, '', 0),
(1271, 'Lot 9', 0, 0, NULL, 60, 41, '', 0),
(1272, 'Lot 10', 0, 0, NULL, 60, 41, '', 0),
(1273, 'Lot 11', 0, 0, NULL, 60, 41, '', 0),
(1274, 'Lot 12', 0, 0, NULL, 60, 41, '', 0),
(1275, 'Lot 13', 0, 0, NULL, 60, 41, '', 0),
(1276, 'Lot 14', 0, 0, NULL, 60, 41, '', 0),
(1277, 'Lot 15', 0, 0, NULL, 60, 41, '', 0),
(1278, 'Lot 16', 0, 0, NULL, 60, 41, '', 0),
(1279, 'Lot 17', 0, 0, NULL, 60, 41, '', 0),
(1280, 'Lot 18', 0, 0, NULL, 60, 41, '', 0),
(1281, 'Lot 19', 0, 0, NULL, 60, 41, '', 0),
(1282, 'Lot 20', 0, 0, NULL, 60, 41, '', 0),
(1283, 'Lot 21', 0, 0, NULL, 60, 41, '', 0);
INSERT INTO `lot` (`id`, `name`, `status`, `reopened`, `owner_id`, `block_id`, `lot_area`, `lot_type`, `price_per_sqm`) VALUES
(1284, 'Lot 22', 0, 0, NULL, 60, 41, '', 0),
(1285, 'Lot 23', 0, 0, NULL, 60, 41, '', 0),
(1286, 'Lot 24', 0, 0, NULL, 60, 41, '', 0),
(1287, 'Lot 25', 0, 0, NULL, 60, 41, '', 0),
(1288, 'Lot 26', 0, 0, NULL, 60, 41, '', 0),
(1289, 'Lot 27', 0, 0, NULL, 60, 41, '', 0),
(1290, 'Lot 1', 0, 0, NULL, 61, 41, '', 0),
(1291, 'Lot 2', 0, 0, NULL, 61, 41, '', 0),
(1292, 'Lot 3', 0, 0, NULL, 61, 41, '', 0),
(1293, 'Lot 4', 0, 0, NULL, 61, 41, '', 0),
(1294, 'Lot 5', 0, 0, NULL, 61, 41, '', 0),
(1295, 'Lot 6', 0, 0, NULL, 61, 41, '', 0),
(1296, 'Lot 7', 0, 0, NULL, 61, 41, '', 0),
(1297, 'Lot 8', 0, 0, NULL, 61, 41, '', 0),
(1298, 'Lot 9', 0, 0, NULL, 61, 41, '', 0),
(1299, 'Lot 10', 0, 0, NULL, 61, 41, '', 0),
(1300, 'Lot 11', 0, 0, NULL, 61, 41, '', 0),
(1301, 'Lot 12', 0, 0, NULL, 61, 41, '', 0),
(1302, 'Lot 13', 0, 0, NULL, 61, 41, '', 0),
(1303, 'Lot 14', 0, 0, NULL, 61, 41, '', 0),
(1304, 'Lot 15', 0, 0, NULL, 61, 41, '', 0),
(1305, 'Lot 16', 0, 0, NULL, 61, 41, '', 0),
(1306, 'Lot 17', 0, 0, NULL, 61, 41, '', 0),
(1307, 'Lot 18', 0, 0, NULL, 61, 41, '', 0),
(1308, 'Lot 19', 0, 0, NULL, 61, 41, '', 0),
(1309, 'Lot 20', 0, 0, NULL, 61, 41, '', 0),
(1310, 'Lot 21', 0, 0, NULL, 61, 41, '', 0),
(1311, 'Lot 22', 0, 0, NULL, 61, 41, '', 0),
(1312, 'Lot 23', 0, 0, NULL, 61, 41, '', 0),
(1313, 'Lot 24', 0, 0, NULL, 61, 41, '', 0),
(1314, 'Lot 25', 0, 0, NULL, 61, 41, '', 0),
(1315, 'Lot 26', 0, 0, NULL, 61, 41, '', 0),
(1316, 'Lot 27', 0, 0, NULL, 61, 41, '', 0),
(1317, 'Lot 28', 0, 0, NULL, 61, 41, '', 0),
(1318, 'Lot 29', 0, 0, NULL, 61, 41, '', 0),
(1319, 'Lot 30', 0, 0, NULL, 61, 41, '', 0),
(1320, 'Lot 1', 0, 0, NULL, 62, 41, '', 0),
(1321, 'Lot 2', 0, 0, NULL, 62, 41, '', 0),
(1322, 'Lot 3', 0, 0, NULL, 62, 41, '', 0),
(1323, 'Lot 4', 0, 0, NULL, 62, 41, '', 0),
(1324, 'Lot 5', 0, 0, NULL, 62, 41, '', 0),
(1325, 'Lot 6', 0, 0, NULL, 62, 41, '', 0),
(1326, 'Lot 7', 0, 0, NULL, 62, 41, '', 0),
(1327, 'Lot 8', 0, 0, NULL, 62, 41, '', 0),
(1328, 'Lot 9', 0, 0, NULL, 62, 41, '', 0),
(1329, 'Lot 10', 0, 0, NULL, 62, 41, '', 0),
(1330, 'Lot 11', 0, 0, NULL, 62, 41, '', 0),
(1331, 'Lot 12', 0, 0, NULL, 62, 41, '', 0),
(1332, 'Lot 13', 0, 0, NULL, 62, 41, '', 0),
(1333, 'Lot 14', 0, 0, NULL, 62, 41, '', 0),
(1334, 'Lot 15', 0, 0, NULL, 62, 41, '', 0),
(1335, 'Lot 16', 0, 0, NULL, 62, 41, '', 0),
(1336, 'Lot 17', 0, 0, NULL, 62, 41, '', 0),
(1337, 'Lot 18', 0, 0, NULL, 62, 41, '', 0),
(1338, 'Lot 19', 0, 0, NULL, 62, 41, '', 0),
(1339, 'Lot 20', 0, 0, NULL, 62, 41, '', 0),
(1340, 'Lot 21', 0, 0, NULL, 62, 41, '', 0),
(1341, 'Lot 22', 0, 0, NULL, 62, 41, '', 0),
(1342, 'Lot 23', 0, 0, NULL, 62, 41, '', 0),
(1343, 'Lot 24', 0, 0, NULL, 62, 41, '', 0),
(1344, 'Lot 25', 0, 0, NULL, 62, 41, '', 0),
(1345, 'Lot 26', 0, 0, NULL, 62, 41, '', 0),
(1346, 'Lot 27', 0, 0, NULL, 62, 41, '', 0),
(1347, 'Lot 28', 0, 0, NULL, 62, 41, '', 0),
(1348, 'Lot 1', 0, 0, NULL, 63, 41, '', 0),
(1349, 'Lot 2', 0, 0, NULL, 63, 41, '', 0),
(1350, 'Lot 3', 0, 0, NULL, 63, 41, '', 0),
(1351, 'Lot 4', 0, 0, NULL, 63, 41, '', 0),
(1352, 'Lot 5', 0, 0, NULL, 63, 41, '', 0),
(1353, 'Lot 6', 0, 0, NULL, 63, 41, '', 0),
(1354, 'Lot 7', 0, 0, NULL, 63, 41, '', 0),
(1355, 'Lot 8', 0, 0, NULL, 63, 41, '', 0),
(1356, 'Lot 9', 0, 0, NULL, 63, 41, '', 0),
(1357, 'Lot 10', 0, 0, NULL, 63, 41, '', 0),
(1358, 'Lot 11', 0, 0, NULL, 63, 41, '', 0),
(1359, 'Lot 12', 0, 0, NULL, 63, 41, '', 0),
(1360, 'Lot 13', 0, 0, NULL, 63, 41, '', 0),
(1361, 'Lot 14', 0, 0, NULL, 63, 41, '', 0),
(1362, 'Lot 15', 0, 0, NULL, 63, 41, '', 0),
(1363, 'Lot 16', 0, 0, NULL, 63, 41, '', 0),
(1364, 'Lot 17', 0, 0, NULL, 63, 41, '', 0),
(1365, 'Lot 18', 0, 0, NULL, 63, 41, '', 0),
(1366, 'Lot 19', 0, 0, NULL, 63, 41, '', 0),
(1367, 'Lot 20', 0, 0, NULL, 63, 41, '', 0),
(1368, 'Lot 21', 0, 0, NULL, 63, 41, '', 0),
(1369, 'Lot 22', 0, 0, NULL, 63, 41, '', 0),
(1370, 'Lot 23', 0, 0, NULL, 63, 41, '', 0),
(1371, 'Lot 24', 0, 0, NULL, 63, 41, '', 0),
(1372, 'Lot 25', 0, 0, NULL, 63, 41, '', 0),
(1373, 'Lot 26', 0, 0, NULL, 63, 41, '', 0),
(1374, 'Lot 27', 0, 0, NULL, 63, 41, '', 0),
(1375, 'Lot 28', 0, 0, NULL, 63, 41, '', 0),
(1376, 'Lot 1', 0, 0, NULL, 64, 41, '', 0),
(1377, 'Lot 2', 0, 0, NULL, 64, 41, '', 0),
(1378, 'Lot 3', 0, 0, NULL, 64, 41, '', 0),
(1379, 'Lot 4', 0, 0, NULL, 64, 41, '', 0),
(1380, 'Lot 5', 0, 0, NULL, 64, 41, '', 0),
(1381, 'Lot 6', 0, 0, NULL, 64, 41, '', 0),
(1382, 'Lot 7', 0, 0, NULL, 64, 41, '', 0),
(1383, 'Lot 8', 0, 0, NULL, 64, 41, '', 0),
(1384, 'Lot 9', 0, 0, NULL, 64, 41, '', 0),
(1385, 'Lot 10', 0, 0, NULL, 64, 41, '', 0),
(1386, 'Lot 11', 0, 0, NULL, 64, 41, '', 0),
(1387, 'Lot 12', 0, 0, NULL, 64, 41, '', 0),
(1388, 'Lot 13', 0, 0, NULL, 64, 41, '', 0),
(1389, 'Lot 14', 0, 0, NULL, 64, 41, '', 0),
(1390, 'Lot 15', 0, 0, NULL, 64, 41, '', 0),
(1391, 'Lot 16', 0, 0, NULL, 64, 41, '', 0),
(1392, 'Lot 17', 0, 0, NULL, 64, 41, '', 0),
(1393, 'Lot 18', 0, 0, NULL, 64, 41, '', 0),
(1394, 'Lot 19', 0, 0, NULL, 64, 41, '', 0),
(1395, 'Lot 20', 0, 0, NULL, 64, 41, '', 0),
(1396, 'Lot 21', 0, 0, NULL, 64, 41, '', 0),
(1397, 'Lot 22', 0, 0, NULL, 64, 41, '', 0),
(1398, 'Lot 23', 0, 0, NULL, 64, 41, '', 0),
(1399, 'Lot 24', 0, 0, NULL, 64, 41, '', 0),
(1400, 'Lot 25', 0, 0, NULL, 64, 41, '', 0),
(1401, 'Lot 26', 0, 0, NULL, 64, 41, '', 0),
(1402, 'Lot 27', 0, 0, NULL, 64, 41, '', 0),
(1403, 'Lot 28', 0, 0, NULL, 64, 41, '', 0),
(1404, 'Lot 1', 0, 0, NULL, 65, 41, '', 0),
(1405, 'Lot 2', 0, 0, NULL, 65, 41, '', 0),
(1406, 'Lot 3', 0, 0, NULL, 65, 41, '', 0),
(1407, 'Lot 4', 0, 0, NULL, 65, 41, '', 0),
(1408, 'Lot 5', 0, 0, NULL, 65, 41, '', 0),
(1409, 'Lot 6', 0, 0, NULL, 65, 41, '', 0),
(1410, 'Lot 7', 0, 0, NULL, 65, 41, '', 0),
(1411, 'Lot 8', 0, 0, NULL, 65, 41, '', 0),
(1412, 'Lot 9', 0, 0, NULL, 65, 41, '', 0),
(1413, 'Lot 10', 0, 0, NULL, 65, 41, '', 0),
(1414, 'Lot 11', 0, 0, NULL, 65, 41, '', 0),
(1415, 'Lot 12', 0, 0, NULL, 65, 41, '', 0),
(1416, 'Lot 13', 0, 0, NULL, 65, 41, '', 0),
(1417, 'Lot 14', 0, 0, NULL, 65, 41, '', 0),
(1418, 'Lot 15', 0, 0, NULL, 65, 41, '', 0),
(1419, 'Lot 16', 0, 0, NULL, 65, 41, '', 0),
(1420, 'Lot 17', 0, 0, NULL, 65, 41, '', 0),
(1421, 'Lot 18', 0, 0, NULL, 65, 41, '', 0),
(1422, 'Lot 19', 0, 0, NULL, 65, 41, '', 0),
(1423, 'Lot 20', 0, 0, NULL, 65, 41, '', 0),
(1424, 'Lot 21', 0, 0, NULL, 65, 41, '', 0),
(1425, 'Lot 22', 0, 0, NULL, 65, 41, '', 0),
(1426, 'Lot 23', 0, 0, NULL, 65, 41, '', 0),
(1427, 'Lot 24', 0, 0, NULL, 65, 41, '', 0),
(1428, 'Lot 25', 0, 0, NULL, 65, 41, '', 0),
(1429, 'Lot 26', 0, 0, NULL, 65, 41, '', 0),
(1430, 'Lot 27', 0, 0, NULL, 65, 41, '', 0),
(1431, 'Lot 28', 0, 0, NULL, 65, 41, '', 0),
(1432, 'Lot 29', 0, 0, NULL, 65, 41, '', 0),
(1433, 'Lot 30', 0, 0, NULL, 65, 41, '', 0),
(1434, 'Lot 1', 0, 0, NULL, 66, 41, '', 0),
(1435, 'Lot 2', 0, 0, NULL, 66, 41, '', 0),
(1436, 'Lot 3', 0, 0, NULL, 66, 41, '', 0),
(1437, 'Lot 4', 0, 0, NULL, 66, 41, '', 0),
(1438, 'Lot 5', 0, 0, NULL, 66, 41, '', 0),
(1439, 'Lot 6', 0, 0, NULL, 66, 41, '', 0),
(1440, 'Lot 7', 0, 0, NULL, 66, 41, '', 0),
(1441, 'Lot 8', 0, 0, NULL, 66, 41, '', 0),
(1442, 'Lot 9', 0, 0, NULL, 66, 41, '', 0),
(1443, 'Lot 10', 0, 0, NULL, 66, 41, '', 0),
(1444, 'Lot 11', 0, 0, NULL, 66, 41, '', 0),
(1445, 'Lot 12', 0, 0, NULL, 66, 41, '', 0),
(1446, 'Lot 13', 0, 0, NULL, 66, 41, '', 0),
(1447, 'Lot 14', 0, 0, NULL, 66, 41, '', 0),
(1448, 'Lot 15', 0, 0, NULL, 66, 41, '', 0),
(1449, 'Lot 16', 0, 0, NULL, 66, 41, '', 0),
(1450, 'Lot 17', 0, 0, NULL, 66, 41, '', 0),
(1451, 'Lot 18', 0, 0, NULL, 66, 41, '', 0),
(1452, 'Lot 19', 0, 0, NULL, 66, 41, '', 0),
(1453, 'Lot 20', 0, 0, NULL, 66, 41, '', 0),
(1454, 'Lot 21', 0, 0, NULL, 66, 41, '', 0),
(1455, 'Lot 22', 0, 0, NULL, 66, 41, '', 0),
(1456, 'Lot 23', 0, 0, NULL, 66, 41, '', 0),
(1457, 'Lot 24', 0, 0, NULL, 66, 41, '', 0),
(1458, 'Lot 25', 0, 0, NULL, 66, 41, '', 0),
(1459, 'Lot 26', 0, 0, NULL, 66, 41, '', 0),
(1460, 'Lot 27', 0, 0, NULL, 66, 41, '', 0),
(1461, 'Lot 28', 0, 0, NULL, 66, 41, '', 0),
(1462, 'Lot 29', 0, 0, NULL, 66, 41, '', 0),
(1463, 'Lot 30', 0, 0, NULL, 66, 41, '', 0),
(1464, 'Lot 31', 0, 0, NULL, 66, 41, '', 0),
(1465, 'Lot 32', 0, 0, NULL, 66, 41, '', 0),
(1466, 'Lot 33', 0, 0, NULL, 66, 41, '', 0),
(1467, 'Lot 34', 0, 0, NULL, 66, 41, '', 0),
(1468, 'Lot 1', 0, 0, NULL, 67, 61, '', 0),
(1469, 'Lot 2', 0, 0, NULL, 67, 41, '', 0),
(1470, 'Lot 3', 0, 0, NULL, 67, 41, '', 0),
(1471, 'Lot 4', 0, 0, NULL, 67, 41, '', 0),
(1472, 'Lot 5', 0, 0, NULL, 67, 41, '', 0),
(1473, 'Lot 6', 0, 0, NULL, 67, 41, '', 0),
(1474, 'Lot 7', 0, 0, NULL, 67, 41, '', 0),
(1475, 'Lot 8', 0, 0, NULL, 67, 41, '', 0),
(1476, 'Lot 9', 0, 0, NULL, 67, 41, '', 0),
(1477, 'Lot 10', 0, 0, NULL, 67, 41, '', 0),
(1478, 'Lot 11', 0, 0, NULL, 67, 41, '', 0),
(1479, 'Lot 12', 0, 0, NULL, 67, 41, '', 0),
(1480, 'Lot 13', 0, 0, NULL, 67, 41, '', 0),
(1481, 'Lot 14', 0, 0, NULL, 67, 41, '', 0),
(1482, 'Lot 15', 0, 0, NULL, 67, 41, '', 0),
(1483, 'Lot 16', 0, 0, NULL, 67, 63, '', 0),
(1484, 'Lot 17', 0, 0, NULL, 67, 69, '', 0),
(1485, 'Lot 18', 0, 0, NULL, 67, 41, '', 0),
(1486, 'Lot 19', 0, 0, NULL, 67, 41, '', 0),
(1487, 'Lot 20', 0, 0, NULL, 67, 41, '', 0),
(1488, 'Lot 21', 0, 0, NULL, 67, 41, '', 0),
(1489, 'Lot 22', 0, 0, NULL, 67, 41, '', 0),
(1490, 'Lot 23', 0, 0, NULL, 67, 41, '', 0),
(1491, 'Lot 24', 0, 0, NULL, 67, 41, '', 0),
(1492, 'Lot 25', 0, 0, NULL, 67, 41, '', 0),
(1493, 'Lot 26', 0, 0, NULL, 67, 41, '', 0),
(1494, 'Lot 27', 0, 0, NULL, 67, 41, '', 0),
(1495, 'Lot 28', 0, 0, NULL, 67, 41, '', 0),
(1496, 'Lot 29', 0, 0, NULL, 67, 41, '', 0),
(1497, 'Lot 30', 0, 0, NULL, 67, 41, '', 0),
(1498, 'Lot 31', 0, 0, NULL, 67, 41, '', 0),
(1499, 'Lot 32', 0, 0, NULL, 67, 41, '', 0),
(1500, 'Lot 33', 0, 0, NULL, 67, 41, '', 0),
(1501, 'Lot 34', 0, 0, NULL, 67, 61, '', 0),
(1502, 'Lot 1', 0, 0, NULL, 68, 61, '', 0),
(1503, 'Lot 2', 0, 0, NULL, 68, 41, '', 0),
(1504, 'Lot 3', 0, 0, NULL, 68, 41, '', 0),
(1505, 'Lot 4', 0, 0, NULL, 68, 41, '', 0),
(1506, 'Lot 5', 0, 0, NULL, 68, 41, '', 0),
(1507, 'Lot 6', 0, 0, NULL, 68, 41, '', 0),
(1508, 'Lot 7', 0, 0, NULL, 68, 41, '', 0),
(1509, 'Lot 8', 0, 0, NULL, 68, 41, '', 0),
(1510, 'Lot 9', 0, 0, NULL, 68, 41, '', 0),
(1511, 'Lot 10', 0, 0, NULL, 68, 41, '', 0),
(1512, 'Lot 11', 0, 0, NULL, 68, 41, '', 0),
(1513, 'Lot 12', 0, 0, NULL, 68, 41, '', 0),
(1514, 'Lot 13', 0, 0, NULL, 68, 41, '', 0),
(1515, 'Lot 14', 0, 0, NULL, 68, 41, '', 0),
(1516, 'Lot 15', 0, 0, NULL, 68, 41, '', 0),
(1517, 'Lot 16', 0, 0, NULL, 68, 41, '', 0),
(1518, 'Lot 17', 0, 0, NULL, 68, 79, '', 0),
(1519, 'Lot 18', 0, 0, NULL, 68, 62, '', 0),
(1520, 'Lot 19', 0, 0, NULL, 68, 41, '', 0),
(1521, 'Lot 20', 0, 0, NULL, 68, 41, '', 0),
(1522, 'Lot 21', 0, 0, NULL, 68, 41, '', 0),
(1523, 'Lot 22', 0, 0, NULL, 68, 41, '', 0),
(1524, 'Lot 23', 0, 0, NULL, 68, 41, '', 0),
(1525, 'Lot 24', 0, 0, NULL, 68, 41, '', 0),
(1526, 'Lot 25', 0, 0, NULL, 68, 41, '', 0),
(1527, 'Lot 26', 0, 0, NULL, 68, 41, '', 0),
(1528, 'Lot 27', 0, 0, NULL, 68, 41, '', 0),
(1529, 'Lot 28', 0, 0, NULL, 68, 41, '', 0),
(1530, 'Lot 29', 0, 0, NULL, 68, 41, '', 0),
(1531, 'Lot 30', 0, 0, NULL, 68, 41, '', 0),
(1532, 'Lot 31', 0, 0, NULL, 68, 41, '', 0),
(1533, 'Lot 32', 0, 0, NULL, 68, 41, '', 0),
(1534, 'Lot 33', 0, 0, NULL, 68, 41, '', 0),
(1535, 'Lot 34', 0, 0, NULL, 68, 61, '', 0),
(1536, 'Lot 1', 0, 0, NULL, 69, 61, '', 0),
(1537, 'Lot 2', 0, 0, NULL, 69, 41, '', 0),
(1538, 'Lot 3', 0, 0, NULL, 69, 41, '', 0),
(1539, 'Lot 4', 0, 0, NULL, 69, 41, '', 0),
(1540, 'Lot 5', 0, 0, NULL, 69, 41, '', 0),
(1541, 'Lot 6', 0, 0, NULL, 69, 41, '', 0),
(1542, 'Lot 7', 0, 0, NULL, 69, 41, '', 0),
(1543, 'Lot 8', 0, 0, NULL, 69, 41, '', 0),
(1544, 'Lot 9', 0, 0, NULL, 69, 41, '', 0),
(1545, 'Lot 10', 0, 0, NULL, 69, 41, '', 0),
(1546, 'Lot 11', 0, 0, NULL, 69, 41, '', 0),
(1547, 'Lot 12', 0, 0, NULL, 69, 41, '', 0),
(1548, 'Lot 13', 0, 0, NULL, 69, 41, '', 0),
(1549, 'Lot 14', 0, 0, NULL, 69, 41, '', 0),
(1550, 'Lot 15', 0, 0, NULL, 69, 97, '', 0),
(1551, 'Lot 16', 0, 0, NULL, 69, 52, '', 0),
(1552, 'Lot 17', 0, 0, NULL, 69, 41, '', 0),
(1553, 'Lot 18', 0, 0, NULL, 69, 41, '', 0),
(1554, 'Lot 19', 0, 0, NULL, 69, 41, '', 0),
(1555, 'Lot 20', 0, 0, NULL, 69, 41, '', 0),
(1556, 'Lot 21', 0, 0, NULL, 69, 41, '', 0),
(1557, 'Lot 22', 0, 0, NULL, 69, 41, '', 0),
(1558, 'Lot 23', 0, 0, NULL, 69, 41, '', 0),
(1559, 'Lot 24', 0, 0, NULL, 69, 41, '', 0),
(1560, 'Lot 25', 0, 0, NULL, 69, 41, '', 0),
(1561, 'Lot 26', 0, 0, NULL, 69, 41, '', 0),
(1562, 'Lot 27', 0, 0, NULL, 69, 41, '', 0),
(1563, 'Lot 28', 0, 0, NULL, 69, 41, '', 0),
(1564, 'Lot 29', 0, 0, NULL, 69, 41, '', 0),
(1565, 'Lot 30', 0, 0, NULL, 69, 61, '', 0),
(1566, 'Lot 1', 0, 0, NULL, 70, 65, '', 0),
(1567, 'Lot 2', 0, 0, NULL, 70, 41, '', 0),
(1568, 'Lot 3', 0, 0, NULL, 70, 41, '', 0),
(1569, 'Lot 4', 0, 0, NULL, 70, 41, '', 0),
(1570, 'Lot 5', 0, 0, NULL, 70, 41, '', 0),
(1571, 'Lot 6', 0, 0, NULL, 70, 41, '', 0),
(1572, 'Lot 7', 0, 0, NULL, 70, 41, '', 0),
(1573, 'Lot 8', 0, 0, NULL, 70, 41, '', 0),
(1574, 'Lot 9', 0, 0, NULL, 70, 41, '', 0),
(1575, 'Lot 10', 0, 0, NULL, 70, 41, '', 0),
(1576, 'Lot 11', 0, 0, NULL, 70, 41, '', 0),
(1577, 'Lot 12', 0, 0, NULL, 70, 41, '', 0),
(1578, 'Lot 13', 0, 0, NULL, 70, 41, '', 0),
(1579, 'Lot 14', 0, 0, NULL, 70, 75, '', 0);

-- --------------------------------------------------------

--
-- Table structure for table `lot_payment`
--

CREATE TABLE `lot_payment` (
  `id` int(11) NOT NULL,
  `buyer_id` int(11) NOT NULL,
  `reservation_type` int(11) NOT NULL,
  `date` date DEFAULT NULL,
  `total_contract_price` decimal(20,2) NOT NULL,
  `monthly_installment` decimal(20,2) DEFAULT NULL,
  `installment_months` int(11) DEFAULT NULL,
  `reservation_fee` decimal(20,2) DEFAULT NULL,
  `spot_downpayment` decimal(20,2) DEFAULT NULL,
  `new_tcp_less_downpayment` decimal(20,2) DEFAULT NULL,
  `spot_cash_discount_percentage` int(2) DEFAULT NULL,
  `spot_cash_discount_amount` decimal(20,2) DEFAULT NULL,
  `new_tcp_less_discount` decimal(20,2) DEFAULT NULL,
  `monthly_start_date` date DEFAULT NULL,
  `monthly_end_date` date DEFAULT NULL
) ENGINE=InnoDB DEFAULT CHARSET=utf8mb4;

-- --------------------------------------------------------

--
-- Table structure for table `phase`
--

CREATE TABLE `phase` (
  `id` int(11) NOT NULL,
  `name` text NOT NULL,
  `project_id` int(11) NOT NULL
) ENGINE=InnoDB DEFAULT CHARSET=utf8mb4;

--
-- Dumping data for table `phase`
--

INSERT INTO `phase` (`id`, `name`, `project_id`) VALUES
(5, 'Phase 1', 4),
(6, 'Phase 2', 4),
(7, 'Phase 3', 4),
(8, 'Phase 4', 4),
(9, 'Phase 5', 4),
(10, 'Phase 6', 4);

-- --------------------------------------------------------

--
-- Table structure for table `project`
--

CREATE TABLE `project` (
  `id` int(11) NOT NULL,
  `name` text NOT NULL,
  `location` text NOT NULL,
  `type` int(11) NOT NULL,
  `has_phases` tinyint(1) NOT NULL,
  `total_units` int(11) NOT NULL
) ENGINE=InnoDB DEFAULT CHARSET=utf8mb4;

--
-- Dumping data for table `project`
--

INSERT INTO `project` (`id`, `name`, `location`, `type`, `has_phases`, `total_units`) VALUES
(1, 'MyHome', 'Perrelos, Carcar City, Cebu', 1, 0, 82),
(2, 'MyHome Dos', 'Perrelos, Carcar City, Cebu', 1, 0, 79),
(3, 'Gregory Homes', 'Perrelos, Carcar City, Cebu', 1, 0, 110),
(4, 'Laurence Ville', 'Agsungot, Cebu City', 1, 1, 990),
(5, 'San Isidro Enclave', 'Calidngan, Carcar City, Cebu', 2, 0, 226);

-- --------------------------------------------------------

--
-- Table structure for table `project_types`
--

CREATE TABLE `project_types` (
  `id` int(11) NOT NULL,
  `type` varchar(20) NOT NULL
) ENGINE=InnoDB DEFAULT CHARSET=utf8mb4;

--
-- Dumping data for table `project_types`
--

INSERT INTO `project_types` (`id`, `type`) VALUES
(1, 'HOUSE & LOT'),
(2, 'LOT ONLY');

-- --------------------------------------------------------

--
-- Table structure for table `reservation_types`
--

CREATE TABLE `reservation_types` (
  `id` int(11) NOT NULL,
  `type` varchar(50) NOT NULL,
  `project_type` int(11) NOT NULL
) ENGINE=InnoDB DEFAULT CHARSET=utf8mb4;

--
-- Dumping data for table `reservation_types`
--

INSERT INTO `reservation_types` (`id`, `type`, `project_type`) VALUES
(1, 'Regular Reservation (H&L)', 1),
(2, 'With Spot Equity (H&L)', 1),
(3, 'Spot Cash TCP (H&L)', 1),
(4, 'Deferred Cash (H&L)', 1),
(5, 'Regular Reservation (LO)', 2),
(6, 'With Spot Downpayment (LO)', 2),
(7, 'Spot Cash (LO)', 2);

--
-- Indexes for dumped tables
--

--
-- Indexes for table `block`
--
ALTER TABLE `block`
  ADD PRIMARY KEY (`id`),
  ADD KEY `project_id` (`project_id`),
  ADD KEY `phase_id` (`phase_id`);

--
-- Indexes for table `buyer`
--
ALTER TABLE `buyer`
  ADD PRIMARY KEY (`id`),
  ADD KEY `lot_id` (`lot_id`),
  ADD KEY `reservation_type` (`reservation_type`);

--
-- Indexes for table `buyer_payment`
--
ALTER TABLE `buyer_payment`
  ADD PRIMARY KEY (`id`);

--
-- Indexes for table `hl_payment`
--
ALTER TABLE `hl_payment`
  ADD PRIMARY KEY (`id`),
  ADD KEY `buyer_id` (`buyer_id`);

--
-- Indexes for table `lot`
--
ALTER TABLE `lot`
  ADD PRIMARY KEY (`id`),
  ADD KEY `block_id` (`block_id`),
  ADD KEY `owner_id` (`owner_id`);

--
-- Indexes for table `lot_payment`
--
ALTER TABLE `lot_payment`
  ADD PRIMARY KEY (`id`),
  ADD KEY `buyer_id` (`buyer_id`),
  ADD KEY `reservation_type` (`reservation_type`);

--
-- Indexes for table `phase`
--
ALTER TABLE `phase`
  ADD PRIMARY KEY (`id`),
  ADD KEY `project_id` (`project_id`);

--
-- Indexes for table `project`
--
ALTER TABLE `project`
  ADD PRIMARY KEY (`id`),
  ADD KEY `type_fk` (`type`);

--
-- Indexes for table `project_types`
--
ALTER TABLE `project_types`
  ADD PRIMARY KEY (`id`);

--
-- Indexes for table `reservation_types`
--
ALTER TABLE `reservation_types`
  ADD PRIMARY KEY (`id`),
  ADD KEY `project_type` (`project_type`);

--
-- AUTO_INCREMENT for dumped tables
--

--
-- AUTO_INCREMENT for table `block`
--
ALTER TABLE `block`
  MODIFY `id` int(11) NOT NULL AUTO_INCREMENT, AUTO_INCREMENT=71;

--
-- AUTO_INCREMENT for table `buyer`
--
ALTER TABLE `buyer`
  MODIFY `id` int(11) NOT NULL AUTO_INCREMENT, AUTO_INCREMENT=141;

--
-- AUTO_INCREMENT for table `buyer_payment`
--
ALTER TABLE `buyer_payment`
  MODIFY `id` int(11) NOT NULL AUTO_INCREMENT;

--
-- AUTO_INCREMENT for table `hl_payment`
--
ALTER TABLE `hl_payment`
  MODIFY `id` int(11) NOT NULL AUTO_INCREMENT;

--
-- AUTO_INCREMENT for table `lot`
--
ALTER TABLE `lot`
  MODIFY `id` int(11) NOT NULL AUTO_INCREMENT, AUTO_INCREMENT=1580;

--
-- AUTO_INCREMENT for table `lot_payment`
--
ALTER TABLE `lot_payment`
  MODIFY `id` int(11) NOT NULL AUTO_INCREMENT;

--
-- AUTO_INCREMENT for table `phase`
--
ALTER TABLE `phase`
  MODIFY `id` int(11) NOT NULL AUTO_INCREMENT, AUTO_INCREMENT=11;

--
-- AUTO_INCREMENT for table `project`
--
ALTER TABLE `project`
  MODIFY `id` int(11) NOT NULL AUTO_INCREMENT, AUTO_INCREMENT=6;

--
-- AUTO_INCREMENT for table `project_types`
--
ALTER TABLE `project_types`
  MODIFY `id` int(11) NOT NULL AUTO_INCREMENT, AUTO_INCREMENT=3;

--
-- AUTO_INCREMENT for table `reservation_types`
--
ALTER TABLE `reservation_types`
  MODIFY `id` int(11) NOT NULL AUTO_INCREMENT, AUTO_INCREMENT=8;

--
-- Constraints for dumped tables
--

--
-- Constraints for table `block`
--
ALTER TABLE `block`
  ADD CONSTRAINT `block_ibfk_1` FOREIGN KEY (`project_id`) REFERENCES `project` (`id`),
  ADD CONSTRAINT `phase_id` FOREIGN KEY (`phase_id`) REFERENCES `phase` (`id`);

--
-- Constraints for table `buyer`
--
ALTER TABLE `buyer`
  ADD CONSTRAINT `buyer_ibfk_1` FOREIGN KEY (`lot_id`) REFERENCES `lot` (`id`),
  ADD CONSTRAINT `buyer_ibfk_2` FOREIGN KEY (`reservation_type`) REFERENCES `reservation_types` (`id`);

--
-- Constraints for table `hl_payment`
--
ALTER TABLE `hl_payment`
  ADD CONSTRAINT `hl_payment_ibfk_1` FOREIGN KEY (`buyer_id`) REFERENCES `buyer` (`id`);

--
-- Constraints for table `lot`
--
ALTER TABLE `lot`
  ADD CONSTRAINT `lot_ibfk_1` FOREIGN KEY (`block_id`) REFERENCES `block` (`id`),
  ADD CONSTRAINT `lot_ibfk_2` FOREIGN KEY (`owner_id`) REFERENCES `buyer` (`id`);

--
-- Constraints for table `lot_payment`
--
ALTER TABLE `lot_payment`
  ADD CONSTRAINT `lot_payment_ibfk_1` FOREIGN KEY (`buyer_id`) REFERENCES `buyer` (`id`),
  ADD CONSTRAINT `lot_payment_ibfk_2` FOREIGN KEY (`reservation_type`) REFERENCES `reservation_types` (`id`);

--
-- Constraints for table `phase`
--
ALTER TABLE `phase`
  ADD CONSTRAINT `project_id` FOREIGN KEY (`project_id`) REFERENCES `project` (`id`);

--
-- Constraints for table `project`
--
ALTER TABLE `project`
  ADD CONSTRAINT `type_fk` FOREIGN KEY (`type`) REFERENCES `project_types` (`id`);

--
-- Constraints for table `reservation_types`
--
ALTER TABLE `reservation_types`
  ADD CONSTRAINT `project_type` FOREIGN KEY (`project_type`) REFERENCES `project_types` (`id`);
COMMIT;

/*!40101 SET CHARACTER_SET_CLIENT=@OLD_CHARACTER_SET_CLIENT */;
/*!40101 SET CHARACTER_SET_RESULTS=@OLD_CHARACTER_SET_RESULTS */;
/*!40101 SET COLLATION_CONNECTION=@OLD_COLLATION_CONNECTION */;
